"Sample Name","Data File","Acquired","Location","Batch","Job Code","Sample ID","User","TWC_Substance01 AreaAbs","TWC_caffeine AreaAbs","TWC_Substance02 AreaAbs","TWC_sulfadoxin AreaAbs","TWC_Substance03 AreaAbs","TWC_Substance04 AreaAbs","TWC_Substance05 AreaAbs","TWC_Substance06 AreaAbs","TWC_Substance07 AreaAbs","T1-EIC(+)[M+H]_caffeine AreaAbs","T3-EIC(+)[M+H]_sulfadoxin AreaAbs","TWC_Substance08 AreaAbs","TWC_Substance09 AreaAbs","T2-EIC(+)[M+H]_Substance06 AreaAbs","T3-EIC(+)[M+H]_Substance03 AreaAbs","TWC_hydrodeamination product  AreaAbs","T2-EIC(+)[M+H]_hydrodeamination product  AreaAbs","T3-EIC(+)[M+H]_Substance04 AreaAbs","TWC_Substance10 AreaAbs","T3-EIC(+)[M+H]_caffeine AreaAbs","T2-EIC(+)[M+H]_Substance09 AreaAbs","T2-EIC(+)[M+H]_Substance07 AreaAbs","T3-EIC(+)[M+H]_Substance05 AreaAbs","T2-EIC(+)[M+H]_Substance08 AreaAbs","TWC_Substance11 AreaAbs","T2-EIC(+)[M+H]_Substance05 AreaAbs","T3-EIC(+)[M+H]_Substance06 AreaAbs","TWC_hydrodeamination product AreaAbs","T2-EIC(+)[M+H]_hydrodeamination product AreaAbs","T2-EIC(+)[M+H]_Substance03 AreaAbs","T2-EIC(+)[M+H]_Substance02 AreaAbs","T3-EIC(+)[M+H]_Substance07 AreaAbs"
"A1","A1.raw","1/9/2021 7:34:26 PM","01","","YS0500301","","Yuning",111253.14274,85604.77421,6408.07029,234287.26779,16700.70840,0,0,0,0,57871.36910,299346.54222,0,0,0,0,0,0,0,0,0,0,0,0,0,0,0,0,0,0,0,0,0
"B1","B1.raw","1/9/2021 7:36:40 PM","02","","YS0500301","","Yuning",118492.44128,134278.16574,8736.48946,398033.82577,11029.26346,17926.44618,12304.97215,0,0,124392.19202,381762.90781,0,0,0,0,0,0,0,0,0,0,0,0,0,0,0,0,0,0,0,0,0
"C1","C1.raw","1/9/2021 7:39:40 PM","03","","YS0500301","","Yuning",106537.46083,140246.09640,14404.62299,362119.75183,15061.91058,27552.96263,13490.95767,8836.64749,48633.06577,166651.81976,468669.92001,0,0,0,0,0,0,0,0,0,0,0,0,0,0,0,0,0,0,0,0,0
"D1","D1.raw","1/9/2021 7:42:02 PM","04","","YS0500301","","Yuning",86516.87596,143949.76487,15221.30901,396712.74243,13845.42826,17534.55396,20256.95425,0,0,148550.36730,499301.58152,0,0,0,0,0,0,0,0,0,0,0,0,0,0,0,0,0,0,0,0,0
"E1","E1.raw","1/9/2021 7:44:43 PM","05","","YS0500301","","Yuning",104419.05123,122166.41787,13230.93034,298247.42151,93312.70321,7831.80221,7152.20383,0,0,133549.72526,371986.66967,0,0,0,0,0,0,0,0,0,0,0,0,0,0,0,0,0,0,6408.47515,0,0
"F1","F1.raw","1/9/2021 7:46:29 PM","06","","YS0500301","","Yuning",110304.16682,119397.63408,13299.90734,335192.11978,40573.36878,7054.72628,0,0,0,129168.81449,394934.65033,0,0,0,0,0,0,0,0,0,0,0,0,0,0,0,0,0,0,0,0,0
"G1","G1.raw","1/9/2021 7:48:14 PM","07","","YS0500301","","Yuning",111577.84670,142329.99301,15109.90204,395430.87904,14703.54729,103263.86822,0,0,0,152565.51457,471624.23288,0,0,0,0,0,0,0,0,0,0,0,0,0,0,0,0,0,0,0,0,0
"H1","H1.raw","1/9/2021 7:50:01 PM","08","","YS0500301","","Yuning",182476.15664,174135.94049,93218.61234,341474.60346,111125.81900,0,0,0,0,181727.05838,413779.12549,0,0,0,0,0,0,0,0,0,0,0,0,0,0,0,0,0,0,0,4711.84300,0
"I1","I1.raw","1/9/2021 7:51:47 PM","09","","YS0500301","","Yuning",106662.05822,137608.16980,55212.31472,185557.00787,86598.76068,7929.15182,0,0,0,151477.31305,236166.29375,0,0,0,0,62065.61551,285111.16973,0,0,0,0,0,0,0,0,0,0,0,0,0,0,0
"J1","J1.raw","1/9/2021 7:53:32 PM","10","","YS0500301","","Yuning",133632.10257,195334.25237,87346.85005,264440.58058,84551.90972,0,0,0,0,158202.71719,241845.26955,0,0,0,0,44521.21103,17828.32236,0,0,0,0,0,0,0,0,0,0,0,0,0,0,0
"K1","K1.raw","1/9/2021 7:55:18 PM","11","","YS0500301","","Yuning",148716.12640,160005.55491,21188.62065,463576.67825,15007.32310,0,0,0,0,193942.91731,605413.43030,0,0,0,0,0,0,0,0,0,0,0,0,0,0,0,0,0,0,0,0,0
"L1","L1.raw","1/9/2021 7:57:05 PM","12","","YS0500301","","Yuning",108471.11587,133339.40706,9997.33282,350906.65512,54362.41735,7204.99898,12419.37965,0,0,160764.92201,435685.12129,0,0,0,0,0,0,0,0,0,0,0,0,0,0,0,0,0,0,0,0,0
"M1","M1.raw","1/9/2021 7:58:50 PM","13","","YS0500301","","Yuning",71393.31438,122661.17134,19625.02042,25044.75686,19019.60034,16079.31613,5626.83831,5246.26135,3928.24155,121320.72286,22198.86154,35514.27066,10037.87845,0,14533.89654,0,0,0,0,7451.97653,0,0,0,0,0,0,0,0,0,0,0,0
"N1","N1.raw","1/9/2021 8:00:36 PM","14","","YS0500301","","Yuning",134527.94954,163097.11923,34450.45471,390932.80145,45541.95108,446305.85676,0,0,0,162564.34268,506655.27312,0,0,0,0,0,0,0,0,0,0,0,0,0,0,0,0,0,0,0,0,0
"O1","O1.raw","1/9/2021 8:02:22 PM","15","","YS0500301","","Yuning",100869.53618,107155.81751,110609.20713,147028.14806,6365.87612,57378.37223,0,0,0,114106.04048,208800.62754,0,0,0,0,0,0,0,0,0,0,0,0,0,0,0,0,0,0,0,0,0
"P1","P1.raw","1/9/2021 8:04:08 PM","16","","YS0500301","","Yuning",167725.58546,139460.27308,38542.87097,407628.64406,11446.73676,14072.74973,0,0,0,158103.08707,483510.14785,0,0,0,0,0,0,0,0,0,0,0,0,0,0,0,0,0,0,0,0,0
"A2","A2.raw","1/9/2021 8:05:54 PM","17","","YS0500301","","Yuning",195963.33101,127830.12801,20159.87015,388786.77530,78405.31521,16733.19507,36242.94405,0,0,155073.97741,478942.18399,0,0,0,0,0,0,0,0,0,0,0,0,0,0,0,0,0,0,0,0,0
"B2","B2.raw","1/9/2021 8:07:41 PM","18","","YS0500301","","Yuning",102093.56948,145393.33633,38437.48979,327919.04702,60817.62773,22900.07280,0,0,0,162449.72734,420285.42633,0,0,0,0,0,0,0,0,0,0,0,0,0,0,0,0,0,0,0,0,0
"C2","C2.raw","1/9/2021 8:09:27 PM","19","","YS0500301","","Yuning",113880.24338,161748.98975,14240.98623,344480.70441,90997.96860,47973.99666,65629.97621,26341.20856,37651.19652,196979.62909,448248.65487,0,0,0,0,0,0,0,0,0,0,0,0,0,0,0,0,0,0,0,0,0
"D2","D2.raw","1/9/2021 8:11:13 PM","20","","YS0500301","","Yuning",94610.37928,153950.37227,41409.99464,515487.67369,208856.70507,27251.36727,26375.86981,0,0,174744.24734,551767.87119,0,0,0,0,0,0,0,0,0,0,0,0,0,0,0,0,0,0,0,0,0
"E2","E2.raw","1/9/2021 8:16:38 PM","21","","YS0500301","","Yuning",87800.64374,126725.12883,9891.38505,145135.16416,10163.39640,77690.60863,17769.59375,23722.14766,12098.86506,164928.44559,214954.18740,0,0,0,0,0,0,0,0,0,0,0,27925.94385,0,0,0,0,0,0,0,0,0
"F2","F2.raw","1/9/2021 8:18:43 PM","22","","YS0500301","","Yuning",124591.40896,139891.90238,43573.44487,321035.38302,60568.12142,42847.72311,20899.08882,35224.81291,8916.72367,169543.41250,458874.56494,28505.48618,0,0,0,0,0,0,0,0,0,0,0,0,0,0,0,0,0,0,0,0
"G2","G2.raw","1/9/2021 8:20:31 PM","23","","YS0500301","","Yuning",117311.79621,147341.58890,8858.65422,370419.53067,13612.56156,51297.74667,61968.79446,14179.26084,84506.92553,172975.84612,472981.74685,0,0,0,0,0,0,0,0,0,0,0,0,0,0,0,0,0,0,0,0,0
"H2","H2.raw","1/9/2021 8:22:20 PM","24","","YS0500301","","Yuning",159593.80398,146014.77254,20835.43044,220197.59203,29241.87405,20575.49101,131333.54121,0,0,158345.89931,324368.64327,0,0,0,0,0,0,0,0,0,0,0,0,0,0,0,0,0,0,0,0,0
"I2","I2.raw","1/9/2021 8:24:07 PM","25","","YS0500301","","Yuning",105846.09551,150770.27970,18107.41016,344816.75564,15401.32256,9365.31220,14706.77857,96387.36286,0,185056.63459,458547.34374,0,0,0,0,50776.68711,137063.65044,0,0,0,0,0,0,0,0,0,0,0,0,0,0,0
"J2","J2.raw","1/9/2021 8:25:55 PM","26","","YS0500301","","Yuning",124031.24880,199628.25462,79839.98127,198356.09569,25851.29634,20853.25311,129613.60066,0,0,173227.05348,214618.43766,0,0,0,0,38117.49655,27437.41420,14200.05396,0,0,0,0,0,0,0,0,0,0,0,0,0,0
"K2","K2.raw","1/9/2021 8:27:46 PM","27","","YS0500301","","Yuning",145562.59430,119518.26613,43852.49145,302963.27389,75572.47950,41714.93180,7898.76861,17804.09321,23857.63901,169537.89802,414718.68100,0,0,0,0,0,0,0,0,0,0,0,0,0,0,0,0,0,0,0,0,0
"L2","L2.raw","1/9/2021 8:30:55 PM","28","","YS0500301","","Yuning",116985.88926,152465.31715,16235.18069,385464.06548,37529.55949,133646.31189,13050.09850,16875.11084,0,201012.71204,507717.26486,0,0,0,0,0,0,0,0,0,0,0,0,0,0,4877.53941,0,0,0,0,0,0
"M2","M2.raw","1/9/2021 8:32:43 PM","29","","YS0500301","","Yuning",94946.51297,142628.48232,12154.60328,68953.81317,16186.22500,5038.16771,17008.49344,46869.45172,6401.86782,161142.65721,71978.38226,5437.65138,0,0,0,0,0,0,0,0,0,0,6509.73829,0,0,0,0,0,0,0,0,0
"N2","N2.raw","1/9/2021 8:34:30 PM","30","","YS0500301","","Yuning",144492.10446,137045.58168,27681.25190,68582.26709,38976.95039,36861.50328,339031.09183,587331.29337,0,158348.54258,113838.47030,0,0,0,0,0,0,10322.62135,0,0,0,0,0,0,0,0,0,0,0,0,0,0
"O2","O2.raw","1/9/2021 8:36:18 PM","31","","YS0500301","","Yuning",146575.89258,157148.34418,202092.45647,227414.93416,16752.90926,57369.84020,88241.25540,0,0,185536.38636,360600.80157,0,0,0,0,0,0,0,0,0,0,0,0,0,0,0,0,0,0,0,0,0
"P2","P2.raw","1/9/2021 8:38:06 PM","32","","YS0500301","","Yuning",115490.60380,130976.58593,41181.09635,247045.28223,99389.20841,14429.76520,96527.34501,10154.90772,0,160047.13079,377260.06592,0,0,0,0,0,0,0,0,0,0,0,0,0,0,0,0,0,0,0,0,0
"A3","A3.raw","1/9/2021 8:39:55 PM","33","","YS0500301","","Yuning",121094.21756,132615.10713,31675.72423,270440.58026,94254.19725,37656.89767,20539.48681,8261.55375,10118.67544,190160.14584,367775.34433,29696.73201,0,0,0,0,0,0,0,0,0,0,0,0,0,0,0,0,0,0,0,0
"B3","B3.raw","1/9/2021 8:41:43 PM","34","","YS0500301","","Yuning",129392.86242,131340.24852,136523.33798,182130.77751,18644.70318,23460.72697,15601.84509,8014.86692,18278.21569,177491.58878,269604.27732,0,0,0,0,0,0,0,0,0,0,0,0,0,0,0,0,0,0,0,0,0
"C3","C3.raw","1/9/2021 8:43:31 PM","35","","YS0500301","","Yuning",120929.19504,113238.53691,25416.14193,187720.09373,54466.08373,43957.82820,45454.19937,15137.90837,7263.09897,160666.00493,280857.19126,12479.47816,10912.22989,0,0,0,0,0,0,0,0,0,0,0,0,0,0,0,0,0,0,0
"D3","D3.raw","1/9/2021 8:45:18 PM","36","","YS0500301","","Yuning",124351.44249,111388.37184,134472.69030,177519.95984,23186.73125,13647.26522,19657.13129,8777.15545,15000.63720,156880.28611,269494.71094,11954.38456,0,0,0,0,0,0,0,0,0,0,15051.97538,0,0,0,0,0,0,0,0,0
"E3","E3.raw","1/9/2021 8:47:07 PM","37","","YS0500301","","Yuning",71850.56428,106584.08286,13798.99649,100971.20261,74365.48298,46742.90271,6903.53189,4670.08662,0,139325.49900,180750.56159,0,0,0,0,0,0,0,0,0,0,0,0,0,0,0,0,0,0,0,0,0
"F3","F3.raw","1/9/2021 8:48:54 PM","38","","YS0500301","","Yuning",137758.34556,107661.39891,35375.01779,260715.33359,22830.08485,18534.88423,11380.55097,28777.57969,15684.23814,148239.96366,404891.28752,0,0,0,0,0,0,0,0,0,0,0,0,0,0,0,0,0,0,0,0,0
"G3","G3.raw","1/9/2021 8:50:42 PM","39","","YS0500301","","Yuning",149503.22291,118134.85448,59269.17329,293167.47862,12628.53136,21060.77688,13953.30761,83296.98140,12936.77864,153179.24601,419780.40998,0,0,0,0,0,0,0,0,0,0,0,0,0,0,0,0,0,0,0,0,0
"H3","H3.raw","1/9/2021 8:52:31 PM","40","","YS0500301","","Yuning",177364.34270,155809.00450,15149.31857,237905.74103,23346.18855,13746.73619,74738.19060,14867.68431,0,139714.91506,325034.81047,0,0,0,0,0,0,0,0,0,0,0,0,0,0,0,0,0,0,0,0,0
"I3","I3.raw","1/9/2021 8:54:18 PM","41","","YS0500301","","Yuning",57685.05980,61919.61781,6541.16148,0,10775.62653,11321.39850,3368.52709,5883.73724,8463.40677,82759.90734,0,3658.98215,0,0,0,0,0,0,0,0,0,0,0,0,0,0,0,0,0,0,0,0
"J3","J3.raw","1/9/2021 8:56:06 PM","42","","YS0500301","","Yuning",101187.84937,76943.46948,32248.66095,74604.67894,18772.30493,14191.91067,5312.48178,41622.55729,6177.37944,80466.17662,91833.94266,8388.20407,0,0,7754.75094,0,0,0,0,0,0,0,0,0,0,0,0,0,0,0,0,0
"K3","K3.raw","1/9/2021 8:57:54 PM","43","","YS0500301","","Yuning",143699.21956,86147.92865,15386.87953,214397.65945,28627.57503,26124.60752,14559.12310,7662.45192,9418.02291,135498.34941,338100.95050,5738.51667,0,0,0,0,0,0,0,0,0,0,0,0,0,0,0,0,0,0,0,0
"L3","L3.raw","1/9/2021 8:59:42 PM","44","","YS0500301","","Yuning",80337.76755,56006.61904,78630.42924,77174.37851,7411.85777,5713.90673,7651.89366,8342.27110,3965.02962,77894.71911,136672.63368,0,0,0,0,0,0,0,0,0,0,0,0,0,0,0,0,0,0,0,0,0
"M3","M3.raw","1/9/2021 9:01:30 PM","45","","YS0500301","","Yuning",75962.62678,76635.88745,16541.06332,11994.28337,12324.89707,9461.14937,14020.31273,8983.83637,10683.13935,70337.89885,10654.71531,8416.94065,3923.10864,0,14636.04877,0,0,0,0,15648.40121,0,0,0,0,0,0,0,0,0,0,0,0
"N3","N3.raw","1/9/2021 9:03:18 PM","46","","YS0500301","","Yuning",95918.51027,61853.20772,19217.10295,151431.87243,6680.11548,17626.29303,134399.15530,0,0,83383.58120,241181.28575,0,0,0,0,0,0,0,0,0,0,0,0,0,0,0,0,0,0,0,0,0
"O3","O3.raw","1/9/2021 9:05:06 PM","47","","YS0500301","","Yuning",86095.38314,62273.36371,83542.34963,49063.99468,12030.17397,6565.32725,27287.75360,6285.26181,0,89718.24911,92675.10855,0,0,0,9720.38885,0,0,0,0,0,0,0,0,0,0,0,0,0,0,0,0,0
"P3","P3.raw","1/9/2021 9:06:54 PM","48","","YS0500301","","Yuning",310893.61530,110367.91188,11818.45744,332492.01437,31499.48950,31195.02190,9965.37644,8976.08053,0,126329.28818,464671.24470,0,0,0,0,0,0,0,0,0,0,0,0,0,0,0,0,0,0,0,0,0
"A4","A4.raw","1/9/2021 9:08:41 PM","49","","YS0500301","","Yuning",93677.85312,147015.93216,7205.39513,397043.26348,0,0,0,0,0,187141.35842,594340.59085,0,0,0,0,0,0,0,0,0,0,0,0,0,0,0,0,0,0,0,0,0
"B4","B4.raw","1/9/2021 9:10:30 PM","50","","YS0500301","","Yuning",76307.61844,130749.90131,13151.54688,287644.54139,6892.54650,25481.18909,0,0,0,170032.27306,447391.00209,0,0,0,0,0,0,0,0,0,0,0,0,0,0,0,0,0,0,0,0,0
"C4","C4.raw","1/9/2021 9:12:17 PM","51","","YS0500301","","Yuning",77026.59973,137874.46571,10748.35842,277040.61235,26678.82483,11174.42571,8056.49624,23014.17889,0,171310.26422,434267.53901,0,0,0,0,0,0,0,0,0,0,0,0,0,0,0,0,0,0,0,0,0
"D4","D4.raw","1/9/2021 9:14:05 PM","52","","YS0500301","","Yuning",79260.21436,133715.83995,16215.39906,345406.15508,13812.00936,0,0,0,0,170503.77223,531958.81767,0,0,0,0,0,0,0,0,0,0,0,0,0,0,0,0,0,0,0,0,0
"E4","E4.raw","1/9/2021 9:15:53 PM","53","","YS0500301","","Yuning",80629.23045,109518.25215,17651.06724,256385.40071,52434.99916,38964.45155,0,0,0,147044.24214,400200.04663,0,0,0,0,0,0,0,0,0,0,0,0,0,0,0,0,0,0,0,0,0
"F4","F4.raw","1/9/2021 9:17:41 PM","54","","YS0500301","","Yuning",99310.71125,123362.78520,14613.05487,324652.16650,8135.86958,6809.98452,7527.72372,0,0,163196.67829,496469.67055,0,0,0,0,0,0,0,0,0,0,0,0,0,0,0,0,0,0,0,0,0
"G4","G4.raw","1/9/2021 9:19:29 PM","55","","YS0500301","","Yuning",80273.15706,105571.30731,7351.82269,287802.45020,30300.71045,0,0,0,0,131335.61843,427571.41756,0,0,0,0,0,0,0,0,0,0,0,0,0,0,0,0,0,0,0,0,0
"H4","H4.raw","1/9/2021 9:21:17 PM","56","","YS0500301","","Yuning",150375.97075,130321.91394,8947.83067,270226.12766,10332.13771,19864.56244,25119.22757,32019.59861,0,159945.80760,390953.37849,0,0,0,0,16424.07939,5361.71452,0,0,0,0,0,0,0,0,3389.48068,0,0,0,0,0,0
"I4","I4.raw","1/9/2021 9:23:05 PM","57","","YS0500301","","Yuning",54499.32083,76034.83846,62630.77607,86744.06441,7519.72148,16458.47875,3561.25189,0,0,93187.25116,130100.42914,0,0,0,0,20177.23132,111172.15888,0,0,0,0,0,0,0,0,0,0,0,0,0,0,0
"J4","J4.raw","1/9/2021 9:24:53 PM","58","","YS0500301","","Yuning",72962.69713,98625.93129,47617.00453,93762.31793,9049.22565,13344.57263,6394.87035,0,0,94295.51826,141604.42193,0,0,0,0,6107.10215,5489.17861,0,0,0,0,0,0,0,0,0,0,0,0,0,0,0
"K4","K4.raw","1/9/2021 9:26:40 PM","59","","YS0500301","","Yuning",76500.12619,53170.17918,5072.42393,119625.03156,5702.09931,4643.59722,0,0,0,65327.41704,211325.24344,0,0,0,0,0,0,0,0,0,0,0,0,0,0,0,0,0,0,0,0,0
"L4","L4.raw","1/9/2021 9:28:27 PM","60","","YS0500301","","Yuning",72909.92533,85069.98389,6359.23856,170312.64392,8093.67419,10621.08643,61170.80677,0,0,112563.31219,266611.02101,0,0,0,0,0,0,0,0,0,0,0,0,0,0,0,0,0,0,0,0,0
"M4","M4.raw","1/9/2021 9:30:15 PM","61","","YS0500301","","Yuning",57737.79390,81798.47512,13321.82636,24536.94085,20243.33021,11042.32882,3452.90810,5354.18610,3018.71278,102658.50793,28775.13052,4111.23005,3251.59322,0,12197.72887,0,0,0,0,0,0,3463.58640,0,0,0,0,0,0,0,0,0,0
"N4","N4.raw","1/9/2021 9:32:02 PM","62","","YS0500301","","Yuning",63840.51959,65005.29988,19824.76595,158492.32353,49206.11475,0,0,0,0,79029.14221,260556.50988,0,0,0,0,0,0,0,0,0,0,0,0,0,0,0,0,0,0,0,0,0
"O4","O4.raw","1/9/2021 9:33:49 PM","63","","YS0500301","","Yuning",101817.81470,108301.14173,49609.77979,182842.20841,7578.39700,10470.75004,11671.72227,0,0,138003.64745,278724.49879,0,0,0,0,10073.15477,5595.44887,0,0,0,0,0,0,0,0,0,0,0,0,0,0,0
"P4","P4.raw","1/9/2021 9:35:36 PM","64","","YS0500301","","Yuning",115829.36478,123388.41160,15056.23910,358314.01778,0,0,0,0,0,158193.20015,519804.64981,0,0,0,0,0,0,0,0,0,0,0,0,0,0,0,0,0,0,0,0,0
"A5","A5.raw","1/9/2021 9:37:23 PM","65","","YS0500301","","Yuning",140406.75842,144922.75514,59303.75660,441465.09169,20834.30273,13724.66425,0,0,0,189734.56780,596741.70158,0,0,0,0,0,0,0,0,0,0,0,0,0,0,0,0,0,0,0,0,0
"B5","B5.raw","1/9/2021 9:39:10 PM","66","","YS0500301","","Yuning",74723.72329,126145.08277,70065.93836,259399.05920,19442.28187,7340.68783,66926.77989,9530.56020,0,167387.58283,404880.78009,0,0,0,0,0,0,0,0,0,0,0,0,0,0,0,0,0,0,0,0,0
"C5","C5.raw","1/9/2021 9:40:58 PM","67","","YS0500301","","Yuning",77262.49654,118251.07479,12114.30839,190715.15634,13334.20753,22512.41390,30084.73045,27930.53416,5160.40321,151294.02072,307053.46155,0,0,0,0,0,0,0,0,0,0,0,0,0,0,0,0,0,0,0,0,0
"D5","D5.raw","1/9/2021 9:42:45 PM","68","","YS0500301","","Yuning",77613.09770,121234.76426,40611.47327,321404.24355,21938.96883,0,0,0,0,165125.51480,460607.82146,0,0,0,0,0,0,0,0,0,0,0,0,0,0,0,0,0,0,0,0,0
"E5","E5.raw","1/9/2021 9:44:32 PM","69","","YS0500301","","Yuning",91563.02306,112624.32590,11939.04962,141448.93176,15695.79272,5989.05474,19236.70671,58053.45994,7543.25935,154831.32563,241753.37687,35332.09772,17297.76980,0,0,0,0,0,0,0,0,0,0,0,0,0,65449.63143,0,0,0,0,0
"F5","F5.raw","1/9/2021 9:46:20 PM","70","","YS0500301","","Yuning",99729.59800,120749.70764,13208.17633,236442.00086,21476.59209,36436.91018,34062.73505,15393.29241,0,148202.33050,350465.62164,0,0,0,0,0,0,0,0,0,0,0,0,0,0,0,0,0,0,0,0,0
"G5","G5.raw","1/9/2021 9:48:07 PM","71","","YS0500301","","Yuning",75453.79347,90865.60441,6391.32668,196670.80446,15763.05506,22582.95443,5839.63929,29882.72806,0,119429.75128,333578.56524,0,0,0,0,0,0,0,0,0,0,0,0,0,0,0,0,0,0,0,0,0
"H5","H5.raw","1/9/2021 9:49:54 PM","72","","YS0500301","","Yuning",140488.75758,101472.45999,8302.45670,213425.54977,14082.75788,11764.62330,42813.39464,19258.69034,16425.55889,137614.60461,343723.40212,0,0,3236.47177,0,0,0,0,0,0,0,0,0,0,0,0,0,0,0,0,0,0
"I5","I5.raw","1/9/2021 9:51:42 PM","73","","YS0500301","","Yuning",50913.37887,57996.65332,12535.61880,84384.64148,3795.81434,7396.91195,14722.12617,0,0,74177.59282,144909.97242,0,0,0,0,7771.89988,33766.68049,0,0,0,0,0,0,0,0,0,0,0,0,0,0,0
"J5","J5.raw","1/9/2021 9:53:29 PM","74","","YS0500301","","Yuning",54363.01078,55396.82627,10622.67499,30839.15053,8670.66150,6471.62012,13839.81191,3470.43595,4152.87475,57920.64485,50091.03865,0,0,0,0,6894.72071,11048.60498,0,0,0,0,0,0,0,0,0,0,0,0,0,0,0
"K5","K5.raw","1/9/2021 9:55:17 PM","75","","YS0500301","","Yuning",110353.07857,84995.94744,7530.81387,177400.47137,23906.79718,19861.60724,17695.36003,8609.17693,0,112867.60048,313078.36255,0,0,0,0,0,0,0,0,0,0,0,0,0,0,0,0,0,0,0,0,0
"L5","L5.raw","1/9/2021 9:57:04 PM","76","","YS0500301","","Yuning",58609.62781,61661.13815,5453.81745,96828.22219,4172.99871,6067.53093,24750.79284,7555.42670,23209.15630,81409.27249,162532.60215,0,0,0,0,0,0,0,0,0,0,0,0,0,0,0,0,0,0,0,0,0
"M5","M5.raw","1/9/2021 9:58:51 PM","77","","YS0500301","","Yuning",55027.75460,68505.57778,3898.94363,16450.86349,15223.02004,6140.71565,3445.06296,4695.89120,0,83564.49764,26142.23658,0,0,0,0,0,0,0,0,0,0,0,0,0,0,0,0,0,0,0,0,0
"N5","N5.raw","1/9/2021 10:00:38 PM","78","","YS0500301","","Yuning",79002.12498,80451.72455,8465.88017,161367.92878,7233.55304,27372.98491,44185.47640,29228.13187,0,112493.86954,272909.84401,0,0,0,0,0,0,0,0,0,0,0,0,0,0,0,0,0,0,0,0,0
"O5","O5.raw","1/9/2021 10:02:25 PM","79","","YS0500301","","Yuning",74847.11303,66624.73219,37911.12257,101141.91432,13960.34808,19861.19228,3784.23065,5718.02983,4030.56639,83967.75536,177817.34838,0,0,0,0,0,0,0,0,0,0,0,0,0,0,0,0,0,0,0,0,0
"P5","P5.raw","1/9/2021 10:04:12 PM","80","","YS0500301","","Yuning",91730.87855,96895.29308,86015.00922,219234.91790,27325.07201,57359.82641,0,0,0,120585.95646,366783.58109,0,0,0,0,0,0,0,0,0,0,0,0,0,0,0,0,0,0,0,0,0
"A6","A6.raw","1/9/2021 10:05:59 PM","81","","YS0500301","","Yuning",238980.79053,119636.73842,10014.14535,232844.66898,113541.22776,9747.09564,23398.85409,17799.17852,15158.26465,157623.23206,370149.22484,31823.99576,0,0,0,0,0,0,0,0,0,0,0,0,0,0,0,0,0,0,0,0
"B6","B6.raw","1/9/2021 10:07:46 PM","82","","YS0500301","","Yuning",80821.75828,107104.45512,99299.47719,192956.70764,11127.72700,14476.23918,6851.31920,0,0,154210.06582,319655.58634,0,0,0,0,0,0,0,0,0,0,0,0,0,0,0,0,0,0,0,0,0
"C6","C6.raw","1/9/2021 10:09:33 PM","83","","YS0500301","","Yuning",87379.07110,87798.68560,16785.22443,128454.31734,36402.40386,15947.99997,12857.45907,7712.05413,26134.87580,136319.42303,225148.64850,4741.32599,7001.03370,0,0,0,0,0,0,0,0,0,0,0,0,0,0,0,0,0,0,0
"D6","D6.raw","1/9/2021 10:11:20 PM","84","","YS0500301","","Yuning",119127.70579,112076.78297,58798.80113,273139.16893,15287.92999,7568.58029,21894.34343,7146.40507,8599.58472,156404.58218,412421.32606,0,0,0,0,0,0,0,0,0,0,0,0,0,0,0,0,0,0,0,0,0
"E6","E6.raw","1/9/2021 10:13:08 PM","85","","YS0500301","","Yuning",82618.86217,108365.40867,31589.35558,144531.47045,131402.52281,5698.01983,5439.91225,0,0,164503.57253,263668.37129,0,0,0,0,0,0,0,0,0,0,0,0,0,0,0,0,0,0,0,0,0
"F6","F6.raw","1/9/2021 10:14:55 PM","86","","YS0500301","","Yuning",105038.27261,77213.18158,29272.73659,181296.24253,13252.79374,10241.86516,7934.32827,13833.42520,11464.10308,109817.45494,305633.04740,0,0,0,0,0,0,0,0,0,0,0,0,0,0,0,0,0,0,0,0,0
"G6","G6.raw","1/9/2021 10:16:43 PM","87","","YS0500301","","Yuning",127775.18291,106743.29590,49251.77619,258527.34803,21829.73824,14116.46304,26298.30085,13462.30367,0,142891.28256,390960.83630,0,0,0,0,0,0,0,0,0,0,0,0,0,0,0,0,0,0,0,0,0
"H6","H6.raw","1/9/2021 10:18:31 PM","88","","YS0500301","","Yuning",138407.06459,78115.74027,23236.35289,152806.15178,47915.99060,17423.13011,8190.40497,30563.84292,14327.33615,113048.19378,267528.51272,6033.76662,0,0,0,0,0,0,0,0,0,0,0,0,0,0,0,0,0,0,0,0
"I6","I6.raw","1/9/2021 10:20:18 PM","89","","YS0500301","","Yuning",68146.22720,81780.91617,37529.28235,126211.89093,5749.15471,11440.23316,5439.99965,0,0,110298.14437,223158.86714,0,0,0,0,13352.61903,67311.68413,0,0,0,0,0,0,0,0,0,0,0,0,0,0,0
"J6","J6.raw","1/9/2021 10:22:06 PM","90","","YS0500301","","Yuning",94898.61197,84858.06478,15504.62299,73064.97595,18727.60937,48367.90660,14204.87307,13929.42441,12105.99928,108149.08019,92892.12523,6180.83119,5532.38456,0,0,0,0,9210.03713,16006.81124,0,0,0,0,0,0,0,0,0,0,0,0,0
"K6","K6.raw","1/9/2021 10:23:53 PM","91","","YS0500301","","Yuning",70988.76254,34026.55182,13456.86589,70609.66543,3682.19206,5432.52182,3329.10521,5566.88183,4128.38838,43351.14815,130610.31661,6071.16979,0,0,0,0,0,0,0,0,0,0,0,0,0,0,0,0,0,0,0,0
"L6","L6.raw","1/9/2021 10:25:40 PM","92","","YS0500301","","Yuning",48975.66585,39080.45689,7785.77997,28643.65481,37290.14339,4791.76519,3290.96162,7393.21331,3364.05915,59119.79504,53910.91271,6847.53756,4391.61044,0,0,0,0,0,0,0,0,0,0,0,0,0,0,0,0,0,0,0
"M6","M6.raw","1/9/2021 10:27:27 PM","93","","YS0500301","","Yuning",128762.12323,121144.29946,31979.62764,76132.05783,31090.84583,29145.83387,14776.62194,8450.48138,0,162554.34737,97367.82302,0,0,0,19133.95304,0,0,0,0,0,0,0,0,0,0,0,0,0,0,0,0,0
"N6","N6.raw","1/9/2021 10:29:14 PM","94","","YS0500301","","Yuning",131547.57831,101104.63434,29270.31399,273774.86537,16728.16323,11299.98561,18643.30598,29780.47704,18183.48874,155246.07330,433746.61981,170495.03713,0,0,0,0,0,0,0,0,0,0,0,0,0,0,0,0,0,0,0,0
"O6","O6.raw","1/9/2021 10:31:01 PM","95","","YS0500301","","Yuning",127036.09268,92408.80035,77922.88138,159414.32744,13069.42737,12275.66364,13363.96531,5721.60224,7034.98258,129059.31466,265222.27504,0,0,0,0,0,0,0,0,0,0,0,0,0,0,0,0,0,0,0,0,0
"P6","P6.raw","1/9/2021 10:32:48 PM","96","","YS0500301","","Yuning",105156.91541,85325.18198,15822.21434,247385.87193,6028.77837,9766.37763,20108.05244,0,0,120529.74452,393642.31164,0,0,0,0,0,0,0,0,0,0,0,0,0,0,0,0,0,0,0,0,0
"A7","A7.raw","1/9/2021 10:34:35 PM","97","","YS0500301","","Yuning",179398.04569,110707.28375,18834.88498,350551.46251,13513.60866,139350.00130,0,0,0,143630.50603,508641.62664,0,0,0,0,16660.45018,4967.99167,0,0,0,0,0,0,0,0,0,0,0,0,0,0,0
"B7","B7.raw","1/9/2021 10:36:22 PM","98","","YS0500301","","Yuning",69114.12774,84596.43562,14271.54942,205461.74672,38169.87296,20423.97013,132289.74305,47451.10831,10794.77588,117566.58643,317122.91476,23940.96590,21206.64950,0,0,0,0,0,53294.32619,0,0,0,0,0,8704.11097,0,0,0,0,0,0,0
"C7","C7.raw","1/9/2021 10:38:09 PM","99","","YS0500301","","Yuning",48235.35816,59796.48118,7964.75520,110096.58053,3818.45026,3887.63551,4993.61180,15062.99528,7171.78959,81137.71586,214761.35599,3837.67881,6029.99711,0,0,0,0,0,80488.72611,0,0,3507.67937,0,0,0,0,0,0,0,0,0,0
"D7","D7.raw","1/9/2021 10:39:57 PM","100","","YS0500301","","Yuning",81937.79208,137349.84468,14983.30473,399440.89121,90543.84121,36901.70190,15392.02529,8718.27757,43356.89980,185700.51594,612517.99166,0,0,0,0,0,0,0,0,0,0,0,0,0,0,0,0,0,0,0,0,0
"E7","E7.raw","1/9/2021 10:41:44 PM","101","","YS0500301","","Yuning",68620.90696,108469.57562,37311.63973,183776.93729,17514.49605,21418.62636,443483.31046,112336.52341,0,149003.39755,331596.73207,0,0,0,0,0,0,0,0,0,0,0,0,0,0,0,0,0,0,0,0,0
"F7","F7.raw","1/9/2021 10:43:32 PM","102","","YS0500301","","Yuning",80620.65882,96202.44316,13618.23095,227372.83305,11366.82737,6933.77407,10321.10766,0,0,131106.02252,396250.28373,0,0,0,0,0,0,0,0,0,0,0,0,0,0,0,0,0,0,0,0,0
"G7","G7.raw","1/9/2021 10:45:19 PM","103","","YS0500301","","Yuning",59774.36961,68314.58149,9779.20690,168390.22505,7729.05488,226108.22443,0,0,0,85962.91865,304787.02716,0,0,0,0,0,0,0,0,0,0,0,0,0,0,0,0,0,0,0,0,0
"H7","H7.raw","1/9/2021 10:47:07 PM","104","","YS0500301","","Yuning",148310.64544,147075.80232,18981.58608,257144.02222,16241.52229,14879.35923,448882.68820,0,0,169532.17132,395253.39814,0,0,0,0,0,0,0,0,0,0,0,0,0,0,0,0,0,0,0,0,0
"I7","I7.raw","1/9/2021 10:48:54 PM","105","","YS0500301","","Yuning",85725.16587,126544.61160,9512.42836,194422.23261,17589.49312,77096.14308,96089.55167,0,0,167804.71880,280968.65554,0,0,0,0,17490.16036,86083.13785,0,0,0,0,0,0,0,0,0,0,0,0,0,0,0
"J7","J7.raw","1/9/2021 10:50:41 PM","106","","YS0500301","","Yuning",93210.22372,94764.30209,34149.33247,124622.25785,11448.44999,10065.71803,6079.34558,86003.24732,92100.06894,94449.86616,166022.42654,0,0,0,0,13681.61897,14433.89721,0,0,0,0,0,0,0,0,0,0,0,0,0,0,0
"K7","K7.raw","1/9/2021 10:52:29 PM","107","","YS0500301","","Yuning",129397.34130,119355.68779,6034.28940,314200.48145,6140.35453,12472.90531,10843.09899,0,0,156752.45136,482036.89027,0,0,0,0,0,0,0,0,0,0,0,0,0,0,0,0,0,0,0,0,0
"L7","L7.raw","1/9/2021 10:54:17 PM","108","","YS0500301","","Yuning",114503.99337,120384.34219,20956.98869,271801.72232,12731.32951,239858.62155,45884.94716,32824.76782,31102.90355,164347.12960,437303.13553,28796.57742,51038.53299,0,0,0,0,24476.54663,0,0,0,0,0,0,0,0,0,0,0,0,0,0
"M7","M7.raw","1/9/2021 10:56:04 PM","109","","YS0500301","","Yuning",78284.81628,103637.49831,15501.99167,125963.67348,52936.62654,176608.02107,48037.51145,11874.93102,0,140735.07077,228373.09404,0,0,0,0,7047.85321,20996.46662,0,0,0,0,0,0,0,0,0,0,0,0,0,0,0
"N7","N7.raw","1/9/2021 10:57:52 PM","110","","YS0500301","","Yuning",111547.63045,133480.55997,14631.48978,360168.48099,46042.21334,206567.00349,13013.38972,65843.90840,0,184269.83620,543138.07145,0,0,0,0,0,0,0,0,0,0,0,0,0,0,0,0,0,0,0,0,0
"O7","O7.raw","1/9/2021 10:59:39 PM","111","","YS0500301","","Yuning",124447.49010,135596.05282,163066.98821,181996.12277,27320.92098,77189.76115,261573.65173,68571.55402,0,163635.92019,311028.09634,0,0,0,0,0,0,0,0,0,0,0,0,0,0,0,0,0,0,0,0,0
"P7","P7.raw","1/9/2021 11:01:27 PM","112","","YS0500301","","Yuning",97542.39007,115031.11176,8691.08022,373124.26665,45080.77135,11570.24251,114035.60672,0,0,156303.94186,597430.77768,0,0,0,0,0,0,0,0,0,0,0,0,0,0,0,0,0,0,0,0,0
"A8","A8.raw","1/9/2021 11:03:15 PM","113","","YS0500301","","Yuning",47753.42852,53112.20235,16915.45177,134073.63188,19481.89685,10387.38543,123411.24407,0,0,69692.13962,258148.83516,0,0,0,0,0,0,0,0,0,0,0,0,0,0,0,0,0,0,0,0,0
"B8","B8.raw","1/9/2021 11:05:03 PM","114","","YS0500301","","Yuning",41627.50980,40715.82212,13270.81684,66427.10739,9711.03624,6042.02076,13597.94070,23522.18282,46373.17114,45480.86606,125973.09455,10406.04131,6558.27982,0,0,0,0,0,0,0,0,0,0,0,0,0,0,0,0,0,0,0
"C8","C8.raw","1/9/2021 11:06:51 PM","115","","YS0500301","","Yuning",46709.51180,69418.79266,8955.29543,87393.82810,6574.21869,9718.18323,3380.20626,9025.37480,17939.39603,101296.80854,162454.13336,6605.02002,4777.31424,0,0,0,0,0,4941.09703,0,0,0,0,0,49054.47154,0,0,0,0,0,0,0
"D8","D8.raw","1/9/2021 11:08:38 PM","116","","YS0500301","","Yuning",69862.00828,114488.56598,34188.46671,282536.02677,56295.62870,39853.03203,7101.46269,30263.26809,0,168916.85133,435957.86401,0,0,0,0,0,0,0,0,0,0,0,0,0,0,0,0,0,0,0,0,0
"E8","E8.raw","1/9/2021 11:10:26 PM","117","","YS0500301","","Yuning",63641.29204,66656.61545,12928.38340,93633.70125,59979.65333,7046.51956,319901.61471,57739.06470,0,98526.74978,140913.89163,0,0,0,71110.94574,0,0,0,0,0,0,0,0,0,0,0,0,0,0,0,0,0
"F8","F8.raw","1/9/2021 11:12:14 PM","118","","YS0500301","","Yuning",75789.89796,83902.67188,8655.59649,152120.95558,11166.27046,30782.50331,12198.42555,19306.63944,11107.05133,118067.08834,255648.55368,0,0,0,0,0,0,13618.36224,0,0,0,0,0,0,0,0,0,0,0,0,0,0
"G8","G8.raw","1/9/2021 11:14:02 PM","119","","YS0500301","","Yuning",83006.18154,89853.83441,8916.96760,203375.45928,12039.13265,37602.90448,13903.51254,339585.17787,0,125102.90088,329973.58814,0,0,0,0,0,0,0,0,0,0,0,0,0,0,0,0,0,0,0,0,0
"H8","H8.raw","1/9/2021 11:15:49 PM","120","","YS0500301","","Yuning",140720.00330,103338.90982,15561.66354,203239.31346,17617.37682,40791.86088,330811.19854,10215.50917,0,136449.72441,332052.93814,0,0,0,0,0,0,0,0,0,0,0,0,0,0,0,0,0,0,0,0,0
"I8","I8.raw","1/9/2021 11:17:37 PM","121","","YS0500301","","Yuning",65890.79562,79754.48968,7578.93009,180691.99834,8651.90782,7895.62611,19250.41387,39822.13483,84289.85985,101226.94801,328042.45944,0,0,0,0,18904.24812,27168.88368,0,0,0,0,0,0,0,0,0,0,0,0,0,0,0
"J8","J8.raw","1/9/2021 11:19:25 PM","122","","YS0500301","","Yuning",115446.72518,124941.91640,30578.59882,140277.14385,9791.86413,11773.39342,12906.41686,33556.39896,19030.43356,133299.73914,218325.23530,88186.35132,120821.70658,0,0,0,0,0,0,0,0,0,0,0,0,0,0,0,0,0,0,0
"K8","K8.raw","1/9/2021 11:21:13 PM","123","","YS0500301","","Yuning",119371.29770,103098.74340,10556.84262,201694.55183,25312.29869,25383.60839,17419.29616,17796.72235,14867.51025,143235.88329,326486.47459,11273.41140,0,0,0,0,0,0,0,0,0,0,0,0,0,0,0,0,0,0,0,0
"L8","L8.raw","1/9/2021 11:23:01 PM","124","","YS0500301","","Yuning",103103.53333,85738.36239,16527.41633,228551.71911,20051.62118,11913.43427,77411.36548,8242.82767,57328.00082,126406.28475,371554.44955,25751.99739,38428.73021,0,0,0,0,0,0,0,0,0,0,0,0,0,0,0,0,0,0,0
"M8","M8.raw","1/9/2021 11:24:49 PM","125","","YS0500301","","Yuning",86985.74743,105335.73594,15208.67234,80088.90469,28913.74873,23319.17885,111624.52777,11891.06179,51413.70080,133809.04099,157761.82376,5772.43826,8830.80874,0,0,0,0,0,0,0,0,0,0,0,0,0,0,0,0,0,0,0
"N8","N8.raw","1/9/2021 11:26:37 PM","126","","YS0500301","","Yuning",109897.24890,110548.84272,26341.25919,261482.84166,50543.74985,89283.25450,191672.62188,12391.21157,0,152029.37848,430567.11733,0,0,0,0,0,0,0,0,0,0,0,0,0,0,0,0,0,0,0,0,0
"O8","O8.raw","1/9/2021 11:28:25 PM","127","","YS0500301","","Yuning",113376.36267,126702.03847,133095.16294,140948.19022,9262.09826,17823.53963,14385.81794,17676.68131,43308.55161,166431.23157,254730.64123,170784.56089,61854.47235,0,0,0,0,0,0,0,0,0,0,0,0,0,0,0,0,0,0,0
"P8","P8.raw","1/9/2021 11:30:13 PM","128","","YS0500301","","Yuning",80489.96858,92609.62105,64724.84114,206955.86914,47961.65103,69458.85245,9900.35781,85720.06113,0,128040.17005,355271.51007,0,0,0,0,0,0,0,0,0,0,0,0,0,0,0,0,0,0,0,0,0
"A9","A9.raw","1/9/2021 11:32:01 PM","129","","YS0500301","","Yuning",180522.54163,70120.93181,87763.40065,148351.50275,7971.71604,10135.14664,8280.96777,29940.25813,19291.71981,110601.45643,258195.74235,9759.82916,11090.59318,0,0,0,0,0,126890.25509,0,0,0,0,0,0,0,0,0,0,0,0,0
"B9","B9.raw","1/9/2021 11:33:49 PM","130","","YS0500301","","Yuning",51141.94292,43669.51247,42898.88758,53197.77051,18796.81315,8799.54193,3948.20139,24425.18264,58100.74881,58275.36153,100194.47852,6213.38385,4247.85054,0,0,0,0,0,9294.84992,0,0,0,0,0,0,0,0,0,0,0,0,0
"C9","C9.raw","1/9/2021 11:35:37 PM","131","","YS0500301","","Yuning",75771.64024,76957.92746,18495.05076,105391.85077,25871.77438,31624.11927,8854.20746,50560.08259,34386.38056,117627.01518,202126.76941,9482.83881,13561.88320,0,0,0,0,0,69316.41451,0,0,0,0,0,0,0,0,0,0,0,0,0
"D9","D9.raw","1/9/2021 11:37:25 PM","132","","YS0500301","","Yuning",78544.70095,70638.26806,88720.52804,104789.57176,9045.39601,44045.83465,13795.07238,5230.36389,5789.63641,103977.86623,200118.92735,6357.97665,23698.01283,0,0,0,0,0,0,0,0,0,0,0,0,0,0,0,0,0,0,0
"E9","E9.raw","1/9/2021 11:39:13 PM","133","","YS0500301","","Yuning",69402.94676,124985.45101,20355.26434,84010.87947,86138.18245,307627.24569,80932.77078,0,0,154140.05915,164554.84438,0,0,0,0,0,0,0,0,0,0,0,0,0,0,0,0,0,0,0,0,0
"F9","F9.raw","1/9/2021 11:41:00 PM","134","","YS0500301","","Yuning",121471.39402,92832.47641,43705.17376,198982.37272,17056.32120,21949.15966,18825.65116,6598.82700,12148.94075,136738.89353,365775.10558,6136.33129,0,0,0,0,0,0,0,0,0,0,0,0,0,0,0,0,0,0,0,0
"G9","G9.raw","1/9/2021 11:42:48 PM","135","","YS0500301","","Yuning",114622.08099,81600.09165,11286.30236,194468.31992,15700.24636,25210.13439,9355.50248,317664.92436,0,115963.88562,320256.84203,0,0,0,0,0,0,0,0,0,0,0,0,0,0,0,0,0,0,0,0,0
"H9","H9.raw","1/9/2021 11:44:36 PM","136","","YS0500301","","Yuning",149865.85327,97650.38368,17479.15851,174021.22239,42795.82586,18232.95569,7932.84066,16493.53286,176389.32193,128589.97557,294175.53496,34155.55535,0,0,0,0,0,0,0,0,0,0,0,0,0,0,0,0,0,0,0,0
"I9","I9.raw","1/9/2021 11:46:24 PM","137","","YS0500301","","Yuning",101589.97561,84365.86044,33448.78207,139402.95473,11626.65133,32770.03458,23634.21309,7955.02780,8493.18470,119736.10845,241142.95714,13267.22567,77002.21556,0,0,10381.44610,24823.46628,0,0,0,0,0,0,0,0,0,0,0,0,0,0,0
"J9","J9.raw","1/9/2021 11:48:12 PM","138","","YS0500301","","Yuning",96979.81534,79151.51552,18540.09425,101024.15141,27212.57766,18552.39069,19971.21148,12586.16635,13335.50712,104388.51073,147640.25023,75439.30664,8282.74966,0,0,0,0,0,0,0,0,0,0,0,0,0,0,0,0,0,0,0
"K9","K9.raw","1/9/2021 11:50:00 PM","139","","YS0500301","","Yuning",141879.68887,73280.78622,39057.93966,182084.85437,8207.25742,5915.42979,18523.14174,6037.21871,5657.11632,118614.24978,306745.24685,10217.63601,5723.37314,0,0,0,0,0,5875.84304,0,0,0,0,0,0,0,0,0,0,0,0,0
"L9","L9.raw","1/9/2021 11:51:47 PM","140","","YS0500301","","Yuning",130750.53928,96956.54721,126180.84633,168833.86838,15874.85330,19557.24180,10346.87907,9927.87194,13064.91308,150872.93680,298417.25994,41734.91513,69114.59676,0,0,0,0,0,15495.90332,0,0,0,0,3393.04721,11255.57690,0,0,0,0,0,0,0
"M9","M9.raw","1/9/2021 11:53:35 PM","141","","YS0500301","","Yuning",72314.33985,53460.66218,15874.31610,45767.21217,15074.08565,23291.15287,89510.94805,5892.03334,10952.24560,63934.45296,92158.74810,5704.69333,3849.94191,3840.35545,0,0,0,0,0,0,0,0,0,0,0,0,0,0,0,0,0,0
"N9","N9.raw","1/9/2021 11:55:23 PM","142","","YS0500301","","Yuning",159289.01081,92703.08644,19515.50744,206903.29378,14147.35628,11217.93428,12144.10942,20202.96106,7433.02398,139499.67076,362680.44000,8879.73778,80782.62019,0,0,0,0,0,7985.90971,0,0,0,0,0,71193.94654,0,0,0,0,0,0,0
"O9","O9.raw","1/9/2021 11:57:11 PM","143","","YS0500301","","Yuning",124569.91293,116146.61402,136929.76270,105025.28106,20462.44390,12081.78089,25879.51452,49649.25357,95810.15595,159504.89185,190478.87351,76267.05382,0,0,14361.27640,0,0,0,0,0,0,0,0,0,0,0,0,0,0,0,0,0
"P9","P9.raw","1/9/2021 11:58:59 PM","144","","YS0500301","","Yuning",80188.47105,68235.76782,8861.80858,159457.72895,6778.20450,10973.06327,27197.62558,11061.61300,91342.86106,95474.56382,307605.52259,0,0,0,0,0,0,0,0,0,0,0,0,0,0,0,0,0,0,0,0,0
"A10","A10.raw","1/10/2021 12:00:46 AM","145","","YS0500301","","Yuning",80266.63677,86430.48078,7336.27112,232398.29996,33923.86442,5030.79360,5937.78402,10916.81173,0,109496.19679,382210.56438,0,0,0,0,0,0,0,0,0,0,0,0,0,0,0,0,0,0,0,0,0
"B10","B10.raw","1/10/2021 12:02:34 AM","146","","YS0500301","","Yuning",70089.33762,87790.00859,17250.35213,218361.20400,17781.20922,12884.03850,6270.14777,0,0,135127.51386,393879.92563,0,0,0,0,0,0,0,0,0,0,0,0,0,0,0,0,0,0,0,0,0
"C10","C10.raw","1/10/2021 12:04:22 AM","147","","YS0500301","","Yuning",68496.14332,117912.48096,18978.14725,223747.05300,70951.85203,0,0,0,0,144394.08916,373474.18885,0,0,0,0,0,0,0,0,0,0,0,0,0,0,0,0,0,0,0,0,0
"D10","D10.raw","1/10/2021 12:06:10 AM","148","","YS0500301","","Yuning",82231.84122,105821.29090,15531.92066,254408.77523,101409.89975,8530.04148,6852.40469,0,0,152404.59764,455316.49766,0,0,0,0,0,0,0,0,0,0,0,0,0,0,0,0,0,0,0,0,0
"E10","E10.raw","1/10/2021 12:07:58 AM","149","","YS0500301","","Yuning",87521.64369,93234.90782,27459.60191,209217.87279,44275.36532,15767.85576,16255.83862,11438.99135,14502.88280,135951.96167,332949.93723,0,0,0,0,0,0,0,0,0,0,0,0,0,0,0,0,0,0,0,0,0
"F10","F10.raw","1/10/2021 12:09:46 AM","150","","YS0500301","","Yuning",98453.58615,79875.08355,6073.99093,256307.14080,0,0,0,0,0,111928.38461,360069.68282,0,0,0,0,0,0,0,0,0,0,0,0,0,0,0,0,0,0,0,0,0
"G10","G10.raw","1/10/2021 12:11:34 AM","151","","YS0500301","","Yuning",108997.44839,86694.52658,35876.44221,281480.50774,43807.94618,12351.38558,0,0,0,123885.51637,475378.31031,0,0,0,0,0,0,0,0,0,0,0,0,0,0,0,0,0,0,0,0,0
"H10","H10.raw","1/10/2021 12:13:22 AM","152","","YS0500301","","Yuning",88590.21779,54958.77934,8440.25605,75195.20340,64078.97122,6414.55111,0,0,0,66057.00291,130038.06137,0,0,0,0,0,0,0,0,0,0,0,0,0,0,0,0,0,0,0,0,0
"I10","I10.raw","1/10/2021 12:15:10 AM","153","","YS0500301","","Yuning",63217.03600,58193.91173,10141.47994,115482.39068,41631.22181,4935.80838,0,0,0,81936.00434,193465.50198,0,0,0,0,21940.54853,117758.01225,0,0,0,0,0,0,0,0,0,0,0,0,0,0,0
"J10","J10.raw","1/10/2021 12:16:58 AM","154","","YS0500301","","Yuning",89123.25415,84892.22340,8746.30457,147650.61059,12828.80666,7387.53707,0,0,0,101788.47042,206264.39151,0,0,0,0,12165.18476,6599.61853,0,0,0,0,0,0,0,0,0,0,0,0,0,0,0
"K10","K10.raw","1/10/2021 12:18:45 AM","155","","YS0500301","","Yuning",64659.86811,43382.38179,3156.21595,128827.32223,5380.11488,4306.73786,0,0,0,59186.40051,191766.98007,0,0,0,0,0,0,0,0,0,0,0,0,0,0,0,0,0,0,0,0,0
"L10","L10.raw","1/10/2021 12:20:33 AM","156","","YS0500301","","Yuning",71091.54736,74694.92674,5737.31014,176457.72482,12178.95836,54226.63547,0,0,0,96482.63642,301579.95515,0,0,0,0,0,0,0,0,0,0,0,0,0,0,0,0,0,0,0,0,0
"M10","M10.raw","1/10/2021 12:22:20 AM","157","","YS0500301","","Yuning",64689.05421,71674.24525,3473.56648,122082.30021,25718.35624,4295.59812,6853.95071,0,0,104759.38653,176936.34765,0,0,0,0,8638.04378,6717.46185,0,0,0,0,0,0,0,0,0,0,0,0,0,0,0
"N10","N10.raw","1/10/2021 12:24:08 AM","158","","YS0500301","","Yuning",60350.59919,53292.87117,6848.34056,142808.86500,29599.70715,19448.34899,46319.68955,0,0,70452.32911,261646.22704,0,0,0,0,0,0,0,0,0,0,0,0,0,0,0,0,0,0,0,0,0
"O10","O10.raw","1/10/2021 12:25:55 AM","159","","YS0500301","","Yuning",97579.14386,93442.23396,21430.66286,241209.44747,6575.62392,7047.38695,9950.57317,0,0,127521.78151,324675.32655,0,0,0,0,0,0,0,0,0,0,0,0,0,0,0,0,0,0,0,0,0
"P10","P10.raw","1/10/2021 12:27:43 AM","160","","YS0500301","","Yuning",66735.01570,65670.95888,16087.39219,189660.50226,4464.33178,3560.94464,0,0,0,85474.97489,310586.33171,0,0,0,0,0,0,0,0,0,0,0,0,0,0,0,0,0,0,0,0,0
"A11","A11.raw","1/10/2021 12:29:31 AM","161","","YS0500301","","Yuning",105764.57250,134809.95270,21448.64212,411251.20553,82958.64584,8784.62886,28852.68600,41125.76319,0,188794.25050,628034.83225,0,0,0,0,0,0,0,0,0,0,0,0,0,0,0,0,0,0,0,0,0
"B11","B11.raw","1/10/2021 12:31:19 AM","162","","YS0500301","","Yuning",88837.81857,117494.06811,15028.97120,284892.52870,45093.27194,40840.32124,8454.90866,52101.69351,45545.05809,178240.55297,466388.26053,19357.16156,8735.12707,0,0,0,0,0,0,0,0,0,0,0,0,0,0,0,0,0,0,0
"C11","C11.raw","1/10/2021 12:33:07 AM","163","","YS0500301","","Yuning",75394.13082,127328.20670,20074.52410,205996.78179,86462.14948,11983.51824,0,0,0,151697.85307,348712.79672,0,0,0,0,0,0,0,0,0,0,0,0,0,0,0,0,0,0,0,0,0
"D11","D11.raw","1/10/2021 12:34:54 AM","164","","YS0500301","","Yuning",70769.83463,86132.27143,11272.46624,195087.40185,97409.98362,0,0,0,0,132327.36504,335897.03946,0,0,0,0,0,0,0,0,0,0,0,0,0,0,0,0,0,0,0,0,0
"E11","E11.raw","1/10/2021 12:36:42 AM","165","","YS0500301","","Yuning",74170.62379,69035.85849,7661.72735,142943.51164,14096.73483,14370.01180,13349.57055,7667.16216,48207.11963,95635.81381,263679.81386,16061.69461,10833.35634,0,0,0,0,0,0,0,0,0,0,0,0,0,0,0,0,0,0,0
"F11","F11.raw","1/10/2021 12:38:30 AM","166","","YS0500301","","Yuning",79199.85044,67778.56386,18332.66689,180309.61990,10685.23517,13005.10177,5835.24166,4658.67714,0,93973.60021,265200.77231,0,0,0,0,0,0,0,0,0,0,0,0,0,0,0,0,0,0,0,0,0
"G11","G11.raw","1/10/2021 12:40:18 AM","167","","YS0500301","","Yuning",64502.44681,51129.95908,10612.59993,110960.02841,18735.00508,10926.92316,4462.72213,4011.56800,6423.04381,68368.19786,215654.37936,0,0,0,0,0,0,0,0,0,0,0,0,0,0,0,0,0,0,0,0,0
"H11","H11.raw","1/10/2021 12:42:05 AM","168","","YS0500301","","Yuning",114951.84307,64660.70132,11018.98921,133321.02020,11698.51799,23631.10041,16369.88686,0,0,77276.62739,220531.83884,0,0,0,0,0,0,0,0,0,0,0,0,0,0,0,0,0,0,0,0,0
"J11","J11.raw","1/10/2021 12:45:41 AM","170","","YS0500301","","Yuning",60366.02039,37574.63865,7565.21270,55043.28699,3238.51473,11186.51416,3254.44489,0,0,42470.40589,86668.53417,0,0,0,0,0,0,0,0,0,0,0,0,0,0,0,0,0,0,0,0,0
"K11","K11.raw","1/10/2021 12:47:29 AM","171","","YS0500301","","Yuning",100318.36647,88783.94966,27583.33754,258991.46422,21593.08019,7079.37955,0,0,0,127660.21147,367649.63467,0,0,0,0,0,0,0,0,0,0,0,0,0,0,0,0,0,0,0,0,0
"L11","L11.raw","1/10/2021 12:49:17 AM","172","","YS0500301","","Yuning",63340.80684,69718.76393,4644.45130,151142.13562,31253.21788,30132.76610,8799.57449,9312.48714,0,87634.89799,276011.60146,0,0,0,0,0,0,0,0,0,0,0,0,0,0,0,0,0,0,0,0,0
"M11","M11.raw","1/10/2021 12:51:05 AM","173","","YS0500301","","Yuning",42793.20897,33865.73810,3170.58733,44706.31263,3349.70492,7578.00511,5484.50230,0,0,36709.00170,73972.62900,0,0,0,0,0,0,0,0,0,0,0,0,0,0,0,0,0,0,0,0,0
"N11","N11.raw","1/10/2021 12:52:52 AM","174","","YS0500301","","Yuning",47627.19679,41242.97172,3087.35564,78991.90780,16948.23067,13692.25365,11997.89971,20681.14126,0,50115.96521,169547.71902,0,0,0,0,0,0,0,0,0,0,0,0,0,0,0,0,0,0,0,0,0
"O11","O11.raw","1/10/2021 12:54:39 AM","175","","YS0500301","","Yuning",47700.45355,33985.01122,4377.34613,61981.16737,6786.82068,7550.98322,4212.54991,0,0,36080.65764,99218.30077,0,0,0,0,0,0,0,0,0,0,0,0,0,0,0,0,0,0,0,0,0
"P11","P11.raw","1/10/2021 12:56:26 AM","176","","YS0500301","","Yuning",68226.21892,61812.86090,6086.19166,146750.69520,79412.93049,25694.94405,4579.73574,0,0,84678.67907,261437.87609,0,0,0,0,0,0,0,0,0,0,0,0,0,0,0,0,0,0,0,0,0
"A12","A12.raw","1/10/2021 12:58:13 AM","177","","YS0500301","","Yuning",232276.67693,134581.87882,139275.60599,320201.97118,11566.08295,31723.97318,13911.84125,33972.91020,0,160814.32590,429660.61199,0,0,0,0,0,0,0,0,0,0,0,0,0,0,0,0,0,0,0,0,0
"B12","B12.raw","1/10/2021 1:00:00 AM","178","","YS0500301","","Yuning",89037.79540,127002.29055,26375.90301,61282.81553,11675.34308,5193.84195,4038.04062,7431.99348,4295.26021,160686.66972,33751.50338,0,0,0,0,0,0,0,0,0,0,0,0,0,0,0,0,0,0,0,0,0
"C12","C12.raw","1/10/2021 1:01:48 AM","179","","YS0500301","","Yuning",107772.70211,122793.59789,54589.02222,219644.42224,58535.66332,43983.81631,6857.77633,0,0,167854.22049,350246.38446,0,0,0,0,0,0,0,0,0,0,0,0,0,0,0,0,0,0,0,0,0
"D12","D12.raw","1/10/2021 1:03:35 AM","180","","YS0500301","","Yuning",96666.76334,88763.21502,89771.61295,178193.84476,11071.97836,14374.14472,5843.74779,0,0,120963.98324,245658.54904,0,0,0,0,0,0,0,0,0,0,0,0,0,0,0,0,0,0,0,0,0
"E12","E12.raw","1/10/2021 1:05:22 AM","181","","YS0500301","","Yuning",66036.15632,62725.98164,14036.64813,116993.78905,17885.05388,4648.56630,10953.08063,8620.98272,3497.85090,86179.98589,188192.07330,0,0,0,0,0,0,0,0,0,0,0,0,0,0,0,0,0,0,0,0,0
"F12","F12.raw","1/10/2021 1:07:09 AM","182","","YS0500301","","Yuning",84815.77010,59093.76006,23542.75966,135671.04458,8434.51572,8802.12068,4303.87822,7172.05469,0,75993.96322,235371.63406,0,0,0,0,0,0,0,0,0,0,0,0,0,0,0,0,0,0,0,0,0
"G12","G12.raw","1/10/2021 1:08:56 AM","183","","YS0500301","","Yuning",128271.67079,78621.17648,16589.87030,189204.93083,24626.94009,9887.22923,0,0,0,93093.72826,285795.05376,0,0,0,0,0,0,0,0,0,0,0,0,0,0,0,0,0,0,0,0,0
"H12","H12.raw","1/10/2021 1:10:43 AM","184","","YS0500301","","Yuning",158070.01261,74349.00508,5135.43153,146217.63835,20722.44065,9390.28771,14545.00112,10050.11013,5286.01192,88449.90223,234293.99315,10910.05653,4715.08848,0,0,0,0,0,0,0,0,0,0,0,0,0,0,0,0,0,0,0
"I12","I12.raw","1/10/2021 1:12:30 AM","185","","YS0500301","","Yuning",0,14620.07826,0,0,0,0,0,0,0,0,0,0,0,0,0,0,0,0,0,0,0,0,0,0,0,0,0,0,0,0,0,0
"J12","J12.raw","1/10/2021 1:14:18 AM","186","","YS0500301","","Yuning",75259.31634,51063.23012,11057.05676,42895.77580,71897.18312,14289.94250,13334.23310,3738.40362,9214.97434,74605.11880,54681.98194,3408.36456,9501.74828,0,0,0,0,0,3579.61495,0,0,0,0,4023.07244,0,0,0,0,0,0,0,0
"K12","K12.raw","1/10/2021 1:16:05 AM","187","","YS0500301","","Yuning",98887.77118,66562.62193,34557.06324,186171.12160,7387.67668,5358.14216,7802.79414,0,0,104521.36757,285596.18780,0,0,0,0,0,0,0,0,0,0,0,0,0,0,0,0,0,0,0,0,0
"L12","L12.raw","1/10/2021 1:17:52 AM","188","","YS0500301","","Yuning",63518.44762,51217.31540,50802.07389,70643.85866,3776.05576,5300.66113,4219.29628,7705.88339,4841.03897,68720.95358,118179.87470,0,0,0,0,0,0,0,0,0,0,0,0,0,0,0,0,0,0,0,0,0
"M12","M12.raw","1/10/2021 1:19:39 AM","189","","YS0500301","","Yuning",51298.39313,38561.59927,5976.63643,55376.58473,6030.67220,4731.67578,6552.81411,4010.61430,0,47433.47908,68880.90309,0,0,0,0,0,0,0,0,0,0,0,0,0,0,0,0,0,0,0,0,0
"N12","N12.raw","1/10/2021 1:21:26 AM","190","","YS0500301","","Yuning",102967.04187,86053.68056,46943.16845,222043.18086,19165.14929,7392.28978,17837.51383,21336.71797,60409.40413,122547.71577,342195.16088,7892.86823,0,0,0,0,0,0,0,0,0,0,0,0,0,0,0,0,0,0,0,0
"O12","O12.raw","1/10/2021 1:23:13 AM","191","","YS0500301","","Yuning",58731.40455,46150.97333,30253.57797,61379.85888,12464.90894,3561.50480,5432.50340,4394.85649,7002.73186,64227.64386,83666.88047,0,0,0,0,0,0,0,0,0,0,0,0,0,0,0,0,0,0,0,0,0
"P12","P12.raw","1/10/2021 1:25:00 AM","192","","YS0500301","","Yuning",80112.63590,62411.43445,8010.83726,178850.60056,7432.35734,6985.00524,3908.66601,0,0,82880.83714,268077.82277,0,0,0,0,0,0,0,0,0,0,0,0,0,0,0,0,0,0,0,0,0
"A13","A13.raw","1/10/2021 1:26:46 AM","193","","YS0500301","","Yuning",93450.98013,123600.24663,0,383407.23325,0,0,0,0,0,185194.72918,593267.68455,0,0,0,0,0,0,0,0,0,0,0,0,0,0,0,0,0,0,0,0,0
"B13","B13.raw","1/10/2021 1:28:34 AM","194","","YS0500301","","Yuning",88195.98807,154155.01653,10849.02719,335223.80242,13832.18865,15021.12152,0,0,0,213502.13369,560683.80683,0,0,0,0,0,0,0,0,0,0,0,0,0,0,0,0,0,0,0,0,0
"C13","C13.raw","1/10/2021 1:30:22 AM","195","","YS0500301","","Yuning",83567.50140,133680.30371,6241.72074,316866.06134,21190.31028,0,0,0,0,195207.03098,521439.65867,0,0,0,0,0,0,0,0,0,0,0,0,0,0,0,0,0,0,0,0,0
"D13","D13.raw","1/10/2021 1:32:09 AM","196","","YS0500301","","Yuning",78301.60112,118966.28248,0,335716.28594,0,0,0,0,0,173812.97964,543021.57768,0,0,0,0,0,0,0,0,0,0,0,0,0,0,0,0,0,0,0,0,0
"E13","E13.raw","1/10/2021 1:33:57 AM","197","","YS0500301","","Yuning",77747.43600,94503.10656,65000.96196,200378.29562,4816.20917,5886.60007,8217.61510,0,0,139194.49757,330183.90316,0,0,0,0,0,0,0,0,0,0,0,0,0,0,0,0,0,0,0,0,0
"F13","F13.raw","1/10/2021 1:35:45 AM","198","","YS0500301","","Yuning",92418.99846,100116.95875,9758.35807,281397.48230,6846.35498,0,0,0,0,144225.40964,469743.13253,0,0,0,0,0,0,0,0,0,0,0,0,0,0,0,0,0,0,0,0,0
"G13","G13.raw","1/10/2021 1:37:32 AM","199","","YS0500301","","Yuning",72249.71642,79088.66557,9865.90674,219469.43541,6396.24410,0,0,0,0,105271.23717,375153.63944,0,0,0,0,0,0,0,0,0,0,0,0,0,0,0,0,0,0,0,0,0
"H13","H13.raw","1/10/2021 1:39:19 AM","200","","YS0500301","","Yuning",97834.14276,79071.18163,91408.75012,104376.67027,0,0,0,0,0,111956.86558,196859.43269,0,0,0,0,0,0,0,0,0,0,0,0,0,0,0,0,0,0,0,0,0
"I13","I13.raw","1/10/2021 1:41:06 AM","201","","YS0500301","","Yuning",0,14692.68148,0,0,0,0,0,0,0,0,0,0,0,0,0,0,0,0,0,0,0,0,0,0,0,0,0,0,0,0,0,0
"J13","J13.raw","1/10/2021 1:42:52 AM","202","","YS0500301","","Yuning",51620.05769,63310.76397,3429.42941,84246.63285,6910.29490,8216.80822,12044.73783,0,0,70227.83596,151558.88271,0,0,0,0,13754.70577,4556.82673,0,0,0,0,0,0,0,0,0,0,0,0,0,0,0
"K13","K13.raw","1/10/2021 1:44:40 AM","203","","YS0500301","","Yuning",92240.44694,93268.32584,6545.47695,260920.32362,6793.24448,0,0,0,0,136452.60062,438111.87521,0,0,0,0,0,0,0,0,0,0,0,0,0,0,0,0,0,0,0,0,0
"L13","L13.raw","1/10/2021 1:46:27 AM","204","","YS0500301","","Yuning",71637.94696,95539.23498,6476.31417,210562.45475,9417.08836,5722.16109,46411.19482,5043.69399,0,128807.44007,367446.89199,0,0,0,0,0,0,0,0,0,0,0,0,0,0,0,0,0,0,0,0,0
"M13","M13.raw","1/10/2021 1:48:14 AM","205","","YS0500301","","Yuning",49841.09521,62716.90643,12848.17866,30392.00584,15785.07547,12440.81141,3649.65523,6770.85480,0,93310.46321,40277.25064,0,0,0,10898.82730,0,0,0,0,0,0,0,0,0,0,0,0,0,0,0,0,0
"N13","N13.raw","1/10/2021 1:50:00 AM","206","","YS0500301","","Yuning",100166.23114,134765.73833,9753.09252,418699.81869,47316.71409,137652.94999,0,0,0,193740.86402,662036.19205,0,0,0,0,0,0,0,0,0,0,0,0,0,0,0,0,0,0,0,0,0
"O13","O13.raw","1/10/2021 1:51:47 AM","207","","YS0500301","","Yuning",73148.81393,72028.24276,3674.40210,172266.61453,7296.13176,6378.20249,5498.15912,4513.08740,0,101840.20601,300818.44198,0,0,0,0,0,0,0,0,0,0,0,0,0,0,0,0,0,0,0,0,0
"P13","P13.raw","1/10/2021 1:53:34 AM","208","","YS0500301","","Yuning",114471.40506,144905.67994,0,498110.75076,0,0,0,0,0,199231.67445,752826.39979,0,0,0,0,0,0,0,0,0,0,0,0,0,0,0,0,0,0,0,0,0
"A14","A14.raw","1/10/2021 1:55:21 AM","209","","YS0500301","","Yuning",147505.53803,112759.82246,52324.19904,358147.57033,15304.71004,0,0,0,0,161510.68793,558974.15215,0,0,0,0,0,0,0,0,0,0,0,0,0,0,0,0,0,0,0,0,0
"B14","B14.raw","1/10/2021 1:57:09 AM","210","","YS0500301","","Yuning",89230.56637,152583.50585,7492.44579,332097.35557,52523.10299,43791.80937,18215.70647,25645.55484,0,214012.74122,535652.75918,0,0,0,0,0,0,0,0,0,0,0,0,0,0,0,0,0,0,0,0,0
"C14","C14.raw","1/10/2021 1:58:56 AM","211","","YS0500301","","Yuning",67784.53555,105733.47054,4687.53849,209721.30105,6598.70048,32889.49360,5340.41374,11199.57930,0,154337.63124,389350.35137,0,0,0,0,0,0,0,0,0,0,0,0,0,0,0,0,0,0,0,0,0
"D14","D14.raw","1/10/2021 2:00:43 AM","212","","YS0500301","","Yuning",64534.52782,96650.86929,22846.18071,253726.50203,4573.01925,0,0,0,0,134091.22752,447207.78530,0,0,0,0,0,0,0,0,0,0,0,0,0,0,0,0,0,0,0,0,0
"E14","E14.raw","1/10/2021 2:02:30 AM","213","","YS0500301","","Yuning",61687.48503,76062.66833,5316.19680,198563.99882,8441.43292,7145.89727,16178.93844,4026.72054,0,105157.01762,342976.40612,0,0,0,0,0,0,0,0,0,0,0,0,0,0,0,0,0,0,0,0,0
"F14","F14.raw","1/10/2021 2:04:17 AM","214","","YS0500301","","Yuning",78276.62865,82557.80388,4494.50237,191242.73382,12469.93481,13336.79319,7159.59901,7996.59158,0,119073.83649,351384.04042,0,0,0,0,0,0,0,0,0,0,0,0,0,0,0,0,0,0,0,0,0
"G14","G14.raw","1/10/2021 2:06:04 AM","215","","YS0500301","","Yuning",70651.84235,86698.99436,27631.26237,186433.58454,14406.09643,6415.19866,19074.71939,7894.67302,0,125597.34990,327380.49825,0,0,0,0,0,0,0,0,0,0,0,0,0,0,0,0,0,0,0,0,0
"H14","H14.raw","1/10/2021 2:07:51 AM","216","","YS0500301","","Yuning",97770.20130,82899.05811,11804.71260,170860.99205,10139.19988,50301.61707,23416.22455,0,0,119552.15305,314524.00071,0,0,0,0,0,0,0,0,0,0,0,0,0,0,0,0,0,0,0,0,0
"I14","I14.raw","1/10/2021 2:09:38 AM","217","","YS0500301","","Yuning",0,14573.91470,0,0,0,0,0,0,0,0,0,0,0,0,0,0,0,0,0,0,0,0,0,0,0,0,0,0,0,0,0,0
"J14","J14.raw","1/10/2021 2:11:25 AM","218","","YS0500301","","Yuning",59001.79293,73067.05594,6399.65737,75368.97566,3720.88454,35529.99302,0,0,0,83482.19447,138842.25284,0,0,0,0,15691.60666,34356.25637,0,0,0,0,0,0,0,0,0,0,0,0,0,0,0
"K14","K14.raw","1/10/2021 2:13:11 AM","219","","YS0500301","","Yuning",79829.59171,71225.66507,14728.11732,189889.95966,5272.65404,8783.91207,0,0,0,99208.38559,360654.84323,0,0,0,0,0,0,0,0,0,0,0,0,0,0,0,0,0,0,0,0,0
"L14","L14.raw","1/10/2021 2:14:58 AM","220","","YS0500301","","Yuning",73422.22514,99042.14865,9639.72074,207896.34118,7523.50638,12019.46164,12233.13781,33905.85124,0,143189.51878,373463.66321,0,0,0,0,0,0,0,0,0,0,0,0,0,0,0,0,0,0,0,0,0
"M14","M14.raw","1/10/2021 2:16:46 AM","221","","YS0500301","","Yuning",64662.93366,97974.77728,8468.82962,32865.89700,4346.66178,3217.71497,7469.06421,6419.93548,5937.35023,142345.58887,63611.82152,19696.76420,10176.94511,0,0,0,0,0,7558.37915,0,0,0,0,0,0,0,0,0,0,0,0,4404.68448
"N14","N14.raw","1/10/2021 2:18:32 AM","222","","YS0500301","","Yuning",86199.71113,103880.69834,9589.19067,290797.61698,8446.04930,33081.69514,7192.96008,29576.02810,68344.56004,147483.69946,483453.80797,11120.83860,0,0,0,0,0,0,0,0,0,0,0,0,0,0,0,0,0,0,0,0
"O14","O14.raw","1/10/2021 2:20:20 AM","223","","YS0500301","","Yuning",101563.81644,123265.26197,17396.87849,238143.51824,9935.68727,19674.78447,41216.10570,11477.59163,0,168608.84970,407867.93296,0,0,0,0,0,0,0,0,0,0,0,0,0,0,0,0,0,0,0,0,0
"P14","P14.raw","1/10/2021 2:22:06 AM","224","","YS0500301","","Yuning",76957.88410,101213.31240,53448.67433,221117.49489,5567.02400,73358.96357,0,0,0,146481.91496,378165.52538,0,0,0,0,0,0,0,0,0,0,0,0,0,0,0,0,0,0,0,0,0
"A15","A15.raw","1/10/2021 2:23:53 AM","225","","YS0500301","","Yuning",60060.99189,50688.18112,34784.06209,98178.81305,6224.69954,6041.96267,3650.35117,9412.53370,0,78300.17533,202178.49690,0,0,0,0,0,0,0,0,0,0,0,0,0,0,0,0,0,0,0,0,0
"B15","B15.raw","1/10/2021 2:25:41 AM","226","","YS0500301","","Yuning",42263.33575,31731.55567,8955.05025,41557.46202,4273.96697,8405.26716,3842.95077,0,0,33626.80109,84318.86528,0,0,0,0,0,0,0,0,0,0,0,0,0,0,0,0,0,0,0,0,0
"C15","C15.raw","1/10/2021 2:27:27 AM","227","","YS0500301","","Yuning",65309.98649,62818.06082,3135.57786,69000.54434,33641.65520,9146.49681,16954.60342,5332.72491,6818.53403,103233.44332,147519.54421,3490.27381,7136.25464,0,0,0,0,0,0,0,0,0,10144.89705,0,0,0,0,0,0,0,0,0
"D15","D15.raw","1/10/2021 2:29:16 AM","228","","YS0500301","","Yuning",53056.31166,42254.61413,32590.41581,66690.10724,5333.98335,6856.90459,4694.95957,3322.33265,9885.11821,61352.89928,142947.42802,0,0,0,0,0,0,0,0,0,0,0,0,0,0,0,0,0,0,0,0,0
"E15","E15.raw","1/10/2021 2:31:03 AM","229","","YS0500301","","Yuning",65394.04123,64033.61468,28169.03870,80761.53035,47518.86175,3814.81766,12732.03152,4476.51971,3488.03532,99049.18854,138104.81020,4656.66136,0,0,0,0,0,0,0,0,0,0,0,0,0,0,0,0,0,0,0,0
"F15","F15.raw","1/10/2021 2:32:50 AM","230","","YS0500301","","Yuning",82006.71567,64783.46485,24096.85292,138103.80979,10931.44864,10906.83762,3604.77935,7264.35838,0,93346.20769,280859.67950,0,0,0,0,0,0,0,0,0,0,0,0,0,0,0,0,0,0,0,0,0
"G15","G15.raw","1/10/2021 2:34:37 AM","231","","YS0500301","","Yuning",65292.24918,49083.61516,15565.38223,100987.50969,5250.21659,3798.00502,10033.48079,7547.73055,3770.56039,68650.66170,203446.79843,0,0,0,0,0,0,0,0,0,0,0,0,0,0,0,0,0,0,0,0,0
"H15","H15.raw","1/10/2021 2:36:24 AM","232","","YS0500301","","Yuning",119159.95174,75117.21134,7428.82900,160403.61916,24127.79317,19311.74994,10353.89611,6926.62609,12449.17227,113497.02214,275067.28775,5442.91959,0,0,0,0,0,0,0,0,0,0,0,0,0,0,0,0,0,0,0,0
"I15","I15.raw","1/10/2021 2:38:10 AM","233","","YS0500301","","Yuning",0,14801.13555,0,0,0,0,0,0,0,0,0,0,0,0,0,0,0,0,0,0,0,0,0,0,0,0,0,0,0,0,0,0
"J15","J15.raw","1/10/2021 2:39:57 AM","234","","YS0500301","","Yuning",61862.37620,50171.74641,6853.58110,41750.90018,63814.99601,13550.79121,9351.33037,4801.48538,3263.44726,82840.27440,81923.18402,9840.56315,3486.79778,0,0,0,0,0,0,0,0,0,0,0,0,0,0,0,0,0,0,0
"K15","K15.raw","1/10/2021 2:41:44 AM","235","","YS0500301","","Yuning",129937.12895,106338.78327,66497.17877,244474.37324,22073.55974,9460.51108,0,0,0,158872.89806,419577.86813,0,0,0,0,0,0,0,0,0,0,0,0,0,0,0,0,0,0,0,0,0
"L15","L15.raw","1/10/2021 2:43:32 AM","236","","YS0500301","","Yuning",59403.56039,50005.84793,54985.57933,50409.34254,5886.34355,3994.90365,7571.89749,4058.86208,0,75990.11066,102900.43779,0,0,0,0,0,0,0,0,0,0,0,0,0,0,0,0,0,0,0,0,0
"M15","M15.raw","1/10/2021 2:45:19 AM","237","","YS0500301","","Yuning",76525.52344,66934.83208,18230.74569,53097.56149,12834.98580,17757.84273,7721.70663,4309.93069,0,95728.92471,91653.29859,0,0,0,8330.87889,0,0,0,0,0,0,0,0,0,0,0,0,0,0,0,0,0
"N15","N15.raw","1/10/2021 2:47:05 AM","238","","YS0500301","","Yuning",113594.43025,111651.91592,72194.54488,235866.81909,12186.26331,10477.12761,24172.91077,28834.48912,91387.38562,164758.35199,415934.27489,0,0,0,0,0,0,0,0,0,0,0,0,0,0,0,0,0,0,0,0,0
"O15","O15.raw","1/10/2021 2:48:51 AM","239","","YS0500301","","Yuning",107280.24006,108125.69052,72358.94754,165031.63156,24621.33083,16788.77441,6663.54259,8019.95936,0,160238.06491,308226.27854,0,0,0,0,0,0,0,0,0,0,0,0,0,0,0,0,0,0,0,0,0
"P15","P15.raw","1/10/2021 2:50:38 AM","240","","YS0500301","","Yuning",104731.89732,114142.42417,19972.73233,309709.42640,10352.99535,15487.85627,0,0,0,174227.12564,505721.94247,0,0,0,0,0,0,0,0,0,0,0,0,0,0,0,0,0,0,0,0,0
"A16","A16.raw","1/10/2021 2:52:25 AM","241","","YS0500301","","Yuning",136201.12665,137368.47355,68160.00012,282786.97857,53482.92437,13158.51866,15035.22955,0,0,189589.05948,459329.37385,0,0,0,0,0,0,0,0,0,0,0,0,0,0,0,0,0,0,0,0,0
"B16","B16.raw","1/10/2021 2:54:12 AM","242","","YS0500301","","Yuning",60599.19800,82280.74742,6930.98987,195029.46826,27117.87229,5138.26752,4105.13372,4405.96075,0,123771.94984,349825.09154,0,0,0,0,0,0,0,0,0,0,0,0,0,0,0,0,0,0,0,0,0
"C16","C16.raw","1/10/2021 2:55:59 AM","243","","YS0500301","","Yuning",67773.59793,93542.32115,72891.60355,132031.89869,27156.55036,4249.33735,0,0,0,132262.48070,237573.30314,0,0,0,0,0,0,0,0,0,0,0,0,0,0,0,0,0,0,0,0,0
"D16","D16.raw","1/10/2021 2:57:46 AM","244","","YS0500301","","Yuning",61641.53184,97706.44220,34234.75881,182205.38767,34756.34015,6586.36940,0,0,0,142116.71910,326835.95428,0,0,0,0,0,0,0,0,0,0,0,0,0,0,0,0,0,0,0,0,0
"E16","E16.raw","1/10/2021 2:59:33 AM","245","","YS0500301","","Yuning",56639.01334,79225.80813,19725.43961,133653.42714,10295.45771,9279.66289,40722.65036,7627.37759,5313.62396,115670.30612,252850.11218,0,0,0,0,0,0,0,0,0,0,0,0,0,0,0,0,0,0,0,0,0
"F16","F16.raw","1/10/2021 3:01:19 AM","246","","YS0500301","","Yuning",54441.71560,53134.08386,34020.46618,74829.82458,15640.96812,6292.74943,4072.35900,4569.90554,0,71211.36230,146174.00050,0,0,0,0,0,0,0,0,0,0,0,0,0,0,0,0,0,0,0,0,0
"G16","G16.raw","1/10/2021 3:03:06 AM","247","","YS0500301","","Yuning",41489.88804,104139.12708,8455.79528,5120.51881,0,0,0,0,0,151684.66598,6616.83746,0,0,0,0,0,0,0,0,0,0,0,0,0,0,0,0,0,0,0,0,0
"H16","H16.raw","1/10/2021 3:04:53 AM","248","","YS0500301","","Yuning",78257.62028,59124.35330,22004.83275,61520.62444,11971.15362,18358.93889,32884.50386,4754.48025,0,83836.05573,101392.60744,0,0,0,0,0,0,0,0,0,0,0,0,0,0,0,0,0,0,0,0,0
"I16","I16.raw","1/10/2021 3:06:41 AM","249","","YS0500301","","Yuning",0,15658.36837,0,0,0,0,0,0,0,0,0,0,0,0,0,0,0,0,0,0,0,0,0,0,0,0,0,0,0,0,0,0
"J16","J16.raw","1/10/2021 3:08:27 AM","250","","YS0500301","","Yuning",71408.68959,126123.11809,46037.98379,104964.31284,4446.33665,42807.09383,10999.39342,11228.26016,0,133586.28576,145760.37466,0,0,0,0,0,0,0,0,0,0,0,0,0,0,0,0,0,0,0,0,0
"K16","K16.raw","1/10/2021 3:10:14 AM","251","","YS0500301","","Yuning",69525.70645,56189.11666,4701.21655,142517.05628,20957.61265,4847.39981,6704.07056,0,0,85219.51225,267727.59634,0,0,0,0,0,0,0,0,0,0,0,0,0,0,0,0,0,0,0,0,0
"L16","L16.raw","1/10/2021 3:12:01 AM","252","","YS0500301","","Yuning",68080.91327,99754.14693,34997.41903,171404.18678,41422.02486,4780.27331,9106.15008,10868.26901,0,150646.29263,297781.39406,0,0,0,0,0,0,0,0,0,0,0,0,0,0,0,0,0,0,0,0,0
"M16","M16.raw","1/10/2021 3:13:47 AM","253","","YS0500301","","Yuning",71838.71636,143467.95025,59046.90750,44155.08056,35287.58698,52499.40457,9378.67436,5759.24352,0,161447.94876,75566.63081,0,0,0,22678.96701,0,0,0,0,0,0,0,0,0,0,0,0,0,0,0,0,0
"N16","N16.raw","1/10/2021 3:15:33 AM","254","","YS0500301","","Yuning",54981.33333,57686.02386,11716.99117,124343.10498,18689.17250,23013.97113,17895.58272,9042.08548,0,83532.63274,245382.22470,0,0,0,0,0,0,0,0,0,0,0,0,0,0,0,0,0,0,0,0,0
"O16","O16.raw","1/10/2021 3:17:20 AM","255","","YS0500301","","Yuning",107020.56761,121409.51892,71340.99431,214224.32579,41724.38096,6220.18266,9257.13206,0,0,160430.65775,375105.41380,0,0,0,0,0,0,0,0,0,0,0,0,0,0,0,0,0,0,0,0,0
"P16","P16.raw","1/10/2021 3:19:07 AM","256","","YS0500301","","Yuning",45263.09446,44583.31538,11624.32924,99380.12512,4679.30682,0,0,0,0,55816.77338,198446.40587,0,0,0,0,0,0,0,0,0,0,0,0,0,0,0,0,0,0,0,0,0
"A17","A17.raw","1/10/2021 3:20:56 AM","257","","YS0500301","","Yuning",76390.93515,138890.15397,51741.53855,292614.98468,55762.45067,48901.53853,14087.89617,0,0,193496.59014,443882.90213,0,0,0,0,0,0,0,0,0,0,0,0,0,0,0,0,0,0,0,0,0
"B17","B17.raw","1/10/2021 3:22:43 AM","258","","YS0500301","","Yuning",63952.19842,84170.60589,20085.66765,183528.81845,32441.42839,20491.34680,0,0,0,120540.85574,319116.32125,0,0,0,0,0,0,0,0,0,0,0,0,0,0,0,0,0,0,0,0,0
"C17","C17.raw","1/10/2021 3:24:31 AM","259","","YS0500301","","Yuning",87215.69007,137606.63981,83454.94080,224805.03693,47101.57436,27848.62423,0,0,0,190926.80965,359501.63593,0,0,0,0,0,0,0,0,0,0,0,0,0,0,0,0,0,0,0,0,0
"D17","D17.raw","1/10/2021 3:26:17 AM","260","","YS0500301","","Yuning",66098.97521,91939.24682,16056.27527,197913.32918,35839.58865,16390.23768,12730.89823,5910.28096,0,136836.99358,344968.63811,0,0,0,0,0,0,0,0,0,0,0,0,0,0,0,0,0,0,0,0,0
"E17","E17.raw","1/10/2021 3:28:05 AM","261","","YS0500301","","Yuning",70392.36619,82783.06205,11853.14321,133929.14358,15887.51584,34797.83415,7270.02181,50721.15461,9054.21737,139880.44413,218401.40869,5900.36976,0,0,0,0,0,0,0,0,0,0,0,0,0,0,62522.96703,0,0,0,0,0
"F17","F17.raw","1/10/2021 3:29:51 AM","262","","YS0500301","","Yuning",80512.88528,94097.32548,56842.65122,162703.09823,33398.70611,14948.16406,8327.71342,0,0,127556.86940,277475.07792,0,0,0,0,0,0,0,0,0,0,0,0,0,0,0,0,0,0,0,0,0
"G17","G17.raw","1/10/2021 3:31:39 AM","263","","YS0500301","","Yuning",60253.51759,60465.18959,4993.83047,132686.87009,19521.34615,6267.86729,3556.18238,3486.28541,5839.96804,81900.40460,209595.37585,4543.29652,0,0,0,0,0,0,0,0,0,0,0,0,0,0,0,0,0,0,0,0
"H17","H17.raw","1/10/2021 3:33:25 AM","264","","YS0500301","","Yuning",100697.24303,80723.05379,19032.23739,150244.11035,8738.13520,29015.60198,6820.31104,6757.75963,25871.55455,112599.36776,209192.08465,9036.12129,0,0,0,0,0,0,0,0,0,0,0,0,0,0,0,0,0,0,0,0
"I17","I17.raw","1/10/2021 3:35:11 AM","265","","YS0500301","","Yuning",63425.44903,52740.29827,24656.30893,124824.53639,3944.49826,8776.34184,0,0,0,69162.27861,236606.53441,0,0,0,0,25044.52973,136994.77921,0,0,0,0,0,0,0,0,0,0,0,0,0,0,0
"J17","J17.raw","1/10/2021 3:36:57 AM","266","","YS0500301","","Yuning",41473.78934,45953.53467,8549.23923,34009.19090,11102.60768,9748.75595,0,0,0,42233.76916,50736.40348,0,0,0,0,0,0,0,0,0,0,0,0,0,0,0,0,0,0,0,0,0
"K17","K17.raw","1/10/2021 3:38:45 AM","267","","YS0500301","","Yuning",85970.64988,84058.32861,17161.82806,191201.69623,24988.62716,6246.81977,7582.66820,6467.03531,0,118629.76026,278996.24906,0,0,0,0,0,0,0,0,0,0,0,0,0,0,0,0,0,0,0,0,0
"L17","L17.raw","1/10/2021 3:40:31 AM","268","","YS0500301","","Yuning",51402.07568,61329.56590,19509.44305,90893.75777,20927.67113,5779.62006,7117.26420,3386.06308,11212.32396,81211.83467,156589.38688,3948.16259,0,0,0,0,0,0,0,0,0,0,0,0,0,0,0,0,0,0,0,0
"M17","M17.raw","1/10/2021 3:42:18 AM","269","","YS0500301","","Yuning",51200.60804,66439.58235,8081.16142,39038.65600,20848.01091,12418.55620,3232.93342,0,0,86554.07164,52856.13216,0,0,0,0,0,0,0,0,0,0,0,0,0,0,0,0,0,0,0,0,0
"N17","N17.raw","1/10/2021 3:44:05 AM","270","","YS0500301","","Yuning",66648.55375,74929.09069,11780.44847,167442.21283,30685.09520,12695.75419,5998.91967,29120.97465,47533.95107,110869.61894,309892.09065,0,0,0,0,0,0,0,0,0,0,0,0,0,0,0,0,0,0,0,0,0
"O17","O17.raw","1/10/2021 3:45:51 AM","271","","YS0500301","","Yuning",74385.55436,73884.83594,36735.62252,138540.15463,4524.77171,23513.98750,9283.05376,5365.79037,5254.94628,103771.56681,226680.72726,0,0,0,0,0,0,0,0,0,0,0,0,0,0,0,0,0,0,0,0,0
"P17","P17.raw","1/10/2021 3:47:38 AM","272","","YS0500301","","Yuning",68984.80241,83949.16691,23232.36136,129477.27425,8814.83994,9525.71724,156168.58307,13215.39094,0,122567.89262,262934.92198,0,0,0,0,0,0,0,0,0,0,0,0,0,0,0,0,0,0,0,0,0
"A18","A18.raw","1/10/2021 3:49:24 AM","273","","YS0500301","","Yuning",93355.80374,125255.67194,12281.35903,192146.27985,47635.58035,65307.40378,50707.53618,8006.01871,13697.13610,187658.51595,306071.08964,27965.05402,8364.25340,0,0,0,0,0,0,0,0,0,0,0,0,0,0,0,0,0,0,0
"B18","B18.raw","1/10/2021 3:51:12 AM","274","","YS0500301","","Yuning",98823.06543,103192.90683,7837.36948,86840.50503,87256.39692,117932.21343,88911.40550,7183.40863,0,163961.70801,128205.05885,0,0,0,0,0,0,0,0,0,0,0,0,0,0,0,0,0,0,0,0,0
"C18","C18.raw","1/10/2021 3:52:59 AM","275","","YS0500301","","Yuning",89144.98958,105465.42130,14824.78073,118552.83787,107123.57114,10782.00903,35208.22520,7304.45416,0,153769.62967,211775.43709,0,0,0,0,0,0,0,0,0,0,0,0,0,0,0,0,0,0,0,0,0
"D18","D18.raw","1/10/2021 3:54:46 AM","276","","YS0500301","","Yuning",79152.64434,84183.92326,42203.84785,123821.89453,21911.99651,33185.84269,11731.97099,17043.73420,7249.57659,113898.23837,214321.83340,0,0,0,0,0,0,0,0,0,0,0,0,0,0,0,0,0,0,0,0,0
"E18","E18.raw","1/10/2021 3:56:33 AM","277","","YS0500301","","Yuning",347646.46425,95088.08142,42665.89835,144910.57588,9510.72776,8293.69299,40823.45733,16641.12771,14461.13991,115464.42549,246773.37847,0,0,0,0,0,0,0,0,0,0,0,0,0,0,0,0,0,0,0,0,0
"F18","F18.raw","1/10/2021 3:58:21 AM","278","","YS0500301","","Yuning",66162.39347,43480.87755,26299.95838,64201.81290,14041.63034,14802.81370,4652.37141,3470.83455,5695.02824,69918.83736,127626.27871,3792.12231,0,0,0,0,0,0,0,0,0,0,0,0,0,0,0,0,0,0,0,0
"G18","G18.raw","1/10/2021 4:00:08 AM","279","","YS0500301","","Yuning",63940.17106,42047.09475,8720.65010,89092.49751,11463.91472,10654.32735,0,0,0,57400.65037,161196.39218,0,0,0,0,0,0,0,0,0,0,0,0,0,0,0,0,0,0,0,0,0
"H18","H18.raw","1/10/2021 4:01:54 AM","280","","YS0500301","","Yuning",63156.00032,34485.39231,36440.60717,23430.54372,5242.91985,8426.16272,6873.99458,6504.16002,3614.40918,40654.46855,30154.78355,0,0,0,0,0,0,0,0,0,0,0,0,0,0,0,0,0,0,0,0,0
"I18","I18.raw","1/10/2021 4:03:40 AM","281","","YS0500301","","Yuning",40769.08445,29972.34165,4876.68931,17105.80157,3707.31837,8409.33768,4794.81084,9602.04055,0,30098.18588,30762.71642,0,0,0,0,3536.68544,23527.57280,0,0,0,0,0,0,0,0,0,0,0,0,0,0,0
"J18","J18.raw","1/10/2021 4:05:27 AM","282","","YS0500301","","Yuning",55084.93790,70647.58349,5701.99938,39532.54283,17087.09658,16017.18103,17290.61867,4684.54208,9456.06793,71685.97799,35960.03944,4279.08412,4760.22987,0,0,0,0,7381.21658,12647.35967,0,0,0,0,0,3560.04417,0,0,0,0,0,0,0
"K18","K18.raw","1/10/2021 4:07:14 AM","283","","YS0500301","","Yuning",45022.12399,23879.89906,7367.59478,36533.50501,4607.28910,5488.57489,6851.96771,0,0,29917.57233,78283.27315,0,0,0,0,0,0,0,0,0,0,0,0,0,0,0,0,0,0,0,0,0
"L18","L18.raw","1/10/2021 4:09:00 AM","284","","YS0500301","","Yuning",34995.35284,34896.14842,14471.41473,6040.48634,17785.72207,8759.96429,3193.67068,4538.68971,11490.16632,52274.28746,7020.36974,0,0,0,0,0,0,0,0,0,0,0,0,0,0,0,0,0,0,0,0,0
"M18","M18.raw","1/10/2021 4:10:47 AM","285","","YS0500301","","Yuning",61616.34771,63016.60897,16479.64250,19058.19575,15655.44175,15899.14908,4255.17212,3056.90053,4668.88282,74085.80136,25950.65827,7473.57537,3815.48482,0,9412.69794,0,0,0,0,0,0,0,0,0,0,0,0,0,0,0,0,0
"N18","N18.raw","1/10/2021 4:12:34 AM","286","","YS0500301","","Yuning",50781.14903,39069.75451,12730.85342,57222.32839,14411.49984,11808.89768,16390.99606,3579.73013,12775.33543,66401.85308,112634.71528,8963.04544,0,5356.76020,0,0,0,0,0,0,0,0,0,0,0,0,0,0,0,0,0,0
"O18","O18.raw","1/10/2021 4:14:21 AM","287","","YS0500301","","Yuning",70715.48019,58848.03365,63941.62939,62090.45604,14233.53485,21269.17033,4299.55736,6107.51354,3682.35070,95839.54691,117547.51780,0,0,0,6646.55182,0,0,0,0,0,0,0,0,0,0,0,0,0,0,0,0,0
"P18","P18.raw","1/10/2021 4:16:08 AM","288","","YS0500301","","Yuning",84463.85750,83953.63767,7775.85558,214132.25878,28769.93650,11438.22028,6055.23499,0,0,125326.12089,391090.88888,0,0,0,0,0,0,0,0,0,0,0,0,0,0,0,0,0,0,0,0,0
"A19","A19.raw","1/10/2021 4:17:55 AM","289","","YS0500301","","Yuning",91478.79832,124067.18392,53465.18661,364763.26182,8489.80325,0,0,0,0,188480.75050,636689.62726,0,0,0,0,8029.50621,4339.11501,0,0,0,0,0,0,0,0,0,0,0,0,0,0,0
"B19","B19.raw","1/10/2021 4:19:42 AM","290","","YS0500301","","Yuning",63055.88135,88941.20580,31814.43610,215281.05806,9093.99063,4999.85177,0,0,0,134943.17434,415796.89614,0,0,0,0,0,0,0,0,0,0,0,0,0,0,0,0,0,0,0,0,0
"C19","C19.raw","1/10/2021 4:21:29 AM","291","","YS0500301","","Yuning",78435.48784,123122.71687,108076.99085,182284.34280,56346.74487,9932.24296,0,0,0,186391.12613,346071.05969,0,0,0,0,0,0,0,0,0,0,0,0,0,0,0,0,0,0,0,0,0
"D19","D19.raw","1/10/2021 4:23:16 AM","292","","YS0500301","","Yuning",67505.27775,108805.63557,47367.63561,237541.78814,22196.62154,5909.76588,0,0,0,172101.80988,437468.14286,0,0,0,0,0,0,0,0,0,0,0,0,0,0,0,0,0,0,0,0,0
"E19","E19.raw","1/10/2021 4:25:04 AM","293","","YS0500301","","Yuning",46467.45824,106755.36779,3519.89486,11711.63828,5807.02924,5418.40937,0,0,0,154593.46497,22465.90737,0,0,0,0,0,0,0,0,0,0,0,0,0,0,0,0,0,0,0,0,0
"F19","F19.raw","1/10/2021 4:26:50 AM","294","","YS0500301","","Yuning",77919.97360,79527.14250,6882.35587,200843.68819,35673.00306,9026.13311,5339.84268,4794.13680,0,132229.81345,373262.58151,0,0,0,0,0,0,0,0,0,0,0,0,0,0,0,0,0,0,0,0,0
"G19","G19.raw","1/10/2021 4:28:37 AM","295","","YS0500301","","Yuning",74248.14181,87627.09627,20403.71262,225365.45897,19804.19668,11452.20230,0,0,0,141915.33583,400565.39271,0,0,0,0,0,0,0,0,0,0,0,0,0,0,0,0,0,0,0,0,0
"H19","H19.raw","1/10/2021 4:30:24 AM","296","","YS0500301","","Yuning",77876.89969,57619.68060,24676.88972,55762.07994,78862.42674,3787.89511,5810.67976,3692.32926,0,90845.96633,117761.16707,0,0,0,0,0,0,0,0,0,0,0,0,0,0,0,0,0,0,0,0,0
"I19","I19.raw","1/10/2021 4:32:11 AM","297","","YS0500301","","Yuning",48430.82956,52498.61485,18936.40857,52045.73289,38891.51132,4151.98945,0,0,0,78948.79547,93227.50100,0,0,0,0,27822.44646,142619.56223,0,0,0,0,0,0,0,0,0,0,0,0,0,0,0
"J19","J19.raw","1/10/2021 4:33:58 AM","298","","YS0500301","","Yuning",32690.89551,35088.65708,3834.27143,0,5767.19086,0,0,0,0,39200.58115,0,0,0,0,0,0,0,0,0,0,0,0,0,0,0,0,0,0,0,0,0,0
"K19","K19.raw","1/10/2021 4:35:45 AM","299","","YS0500301","","Yuning",53307.42935,39951.29625,15381.76160,78804.95556,5185.63117,3225.72951,5284.57906,0,0,57522.53773,170260.10935,0,0,0,0,0,0,0,0,0,0,0,0,0,0,0,0,0,0,0,0,0
"L19","L19.raw","1/10/2021 4:37:32 AM","300","","YS0500301","","Yuning",49987.05552,44839.62419,16379.95205,84287.31305,5608.29766,4329.42636,20028.85121,0,0,66145.93216,182849.65643,0,0,0,0,0,0,0,0,0,0,0,0,0,0,0,0,0,0,0,0,0
"M19","M19.raw","1/10/2021 4:39:19 AM","301","","YS0500301","","Yuning",31351.50282,44567.42410,3319.71928,0,6376.28176,4176.95618,0,0,0,57280.53526,0,0,0,0,0,0,0,0,0,0,0,0,0,0,0,0,0,0,0,0,0,0
"N19","N19.raw","1/10/2021 4:41:06 AM","302","","YS0500301","","Yuning",63025.46267,69149.49248,12088.91988,186208.90787,29557.43194,74693.76330,0,0,0,111646.21826,353743.62321,0,0,0,0,0,0,0,0,0,0,0,0,0,0,0,0,0,0,0,0,0
"O19","O19.raw","1/10/2021 4:42:53 AM","303","","YS0500301","","Yuning",66345.14578,66093.03485,34244.35934,115701.17803,22588.53558,7440.94738,4157.28547,0,0,94240.92402,228107.81075,0,0,0,0,0,0,0,0,0,0,0,0,0,0,0,0,0,0,0,0,0
"P19","P19.raw","1/10/2021 4:44:40 AM","304","","YS0500301","","Yuning",78163.70862,114556.66633,52525.94197,338180.45336,7120.27622,0,0,0,0,168075.77948,602370.99478,0,0,0,0,0,0,0,0,0,0,0,0,0,0,0,0,0,0,0,0,0
"A20","A20.raw","1/10/2021 4:46:27 AM","305","","YS0500301","","Yuning",60104.96216,86215.83978,36121.55717,245472.75697,39024.98388,5592.49896,8109.21164,0,0,139421.58037,438618.78203,0,0,0,0,0,0,0,0,0,0,0,0,0,0,0,0,0,0,0,0,0
"B20","B20.raw","1/10/2021 4:48:15 AM","306","","YS0500301","","Yuning",53104.48975,70806.46595,17114.44347,101862.67882,6726.49196,5757.34111,12941.09355,9306.51535,9578.90038,112623.05950,216442.79677,74858.81289,6637.13869,0,0,0,0,0,0,0,3226.28570,0,0,0,0,0,0,0,0,0,0,0
"C20","C20.raw","1/10/2021 4:50:01 AM","307","","YS0500301","","Yuning",76626.22725,128121.23070,90942.78725,144197.42118,59531.41098,9307.30528,22729.38887,9668.90700,7589.50734,184087.47464,289164.62370,0,0,0,0,0,0,0,0,0,0,0,0,0,0,0,0,0,0,0,0,0
"D20","D20.raw","1/10/2021 4:51:48 AM","308","","YS0500301","","Yuning",78978.75802,118331.84556,40827.62391,276395.82901,13463.52873,20772.29196,8771.55740,26786.21445,43962.95054,191533.66469,497801.95083,6625.28025,0,0,0,0,0,0,0,0,0,0,0,0,0,0,0,0,0,0,0,0
"E20","E20.raw","1/10/2021 4:53:35 AM","309","","YS0500301","","Yuning",93887.02727,109360.80968,58114.98567,171117.85253,21369.36625,15078.65379,43779.22298,10760.24059,26273.65278,185261.70435,309659.74506,27378.19075,0,0,0,0,0,0,0,0,0,0,58355.85874,0,0,0,0,0,0,0,0,0
"F20","F20.raw","1/10/2021 4:55:22 AM","310","","YS0500301","","Yuning",92368.90461,114122.47668,49459.96788,222094.23851,13907.08196,17032.92296,61709.76254,12821.58522,6171.83581,172101.66642,411265.15393,0,0,0,0,0,0,0,0,0,0,0,0,0,0,0,0,0,0,0,0,0
"G20","G20.raw","1/10/2021 4:57:09 AM","311","","YS0500301","","Yuning",83294.36434,102008.86473,22369.70625,236142.74262,17258.27295,30649.65894,5807.88718,28519.57197,9060.09124,157590.26536,466962.72303,7098.50043,0,0,0,0,0,0,0,0,0,0,0,0,0,0,0,0,0,0,0,0
"H20","H20.raw","1/10/2021 4:58:56 AM","312","","YS0500301","","Yuning",105703.93465,78594.54575,34018.26534,188307.61635,18219.64963,14865.06688,48368.16291,25526.42883,0,133541.13993,371791.88267,0,0,0,0,0,0,0,0,0,0,0,0,0,0,0,0,0,0,0,0,0
"I20","I20.raw","1/10/2021 5:00:43 AM","313","","YS0500301","","Yuning",42243.75613,30288.36636,6258.07927,35827.99279,5093.30703,3947.95722,4615.81265,0,0,33434.61623,70158.75271,0,0,0,0,9354.65512,45524.25556,0,0,0,0,0,0,0,0,0,0,0,0,0,0,0
"J20","J20.raw","1/10/2021 5:02:30 AM","314","","YS0500301","","Yuning",39966.00937,34418.68563,9752.58158,38509.19369,5734.66051,11770.71825,4078.98966,4704.54874,4317.69742,36360.41835,66026.20770,0,0,0,0,0,0,0,0,0,0,0,0,0,0,0,0,0,0,0,0,0
"K20","K20.raw","1/10/2021 5:04:17 AM","315","","YS0500301","","Yuning",48926.47140,36943.90219,12497.95586,56946.05928,5917.34767,8602.44594,6512.58562,3006.45711,0,54161.93050,119673.70401,0,0,0,0,0,0,0,0,0,0,0,0,0,0,0,0,0,0,0,0,0
"L20","L20.raw","1/10/2021 5:06:04 AM","316","","YS0500301","","Yuning",63875.08954,72457.70611,15297.72810,118876.06157,28662.44025,5399.71252,8140.97473,25712.22627,6231.57133,128972.52963,234945.53206,25226.39688,0,0,0,0,0,0,0,0,0,0,0,0,0,0,0,0,0,0,0,0
"M20","M20.raw","1/10/2021 5:07:51 AM","317","","YS0500301","","Yuning",42619.13698,37245.28825,9216.49322,10708.21525,9704.82191,5810.18802,0,0,0,47791.67650,20485.90125,0,0,0,0,0,0,0,0,0,0,0,0,0,0,0,0,0,0,0,0,0
"N20","N20.raw","1/10/2021 5:09:38 AM","318","","YS0500301","","Yuning",62563.11609,62303.22414,20922.69431,135904.65960,8259.04205,63776.45440,61882.62059,0,0,95873.15681,287367.30020,0,0,0,0,0,0,0,0,0,0,0,0,0,0,0,0,0,0,0,0,0
"O20","O20.raw","1/10/2021 5:11:25 AM","319","","YS0500301","","Yuning",76577.22067,75577.91533,36407.82352,123503.79203,22787.95226,5610.43715,14483.07025,23613.97353,4041.65687,114107.92280,248341.14128,0,0,0,0,0,0,0,0,0,0,0,0,0,0,0,0,0,0,0,0,0
"P20","P20.raw","1/10/2021 5:13:12 AM","320","","YS0500301","","Yuning",62169.10337,79284.06323,36475.14954,168270.46079,13338.96744,15320.75811,7702.30036,141837.97942,0,122665.56691,325186.17541,0,0,0,0,0,0,0,0,0,0,0,0,0,0,0,0,0,0,0,0,0
"A21","A21.raw","1/10/2021 5:14:59 AM","321","","YS0500301","","Yuning",80714.37880,107060.43437,166874.90102,176120.53701,18588.34105,11126.32596,13981.59353,10369.87087,0,179710.34495,351399.17951,0,0,0,0,0,0,0,0,0,0,0,0,0,0,0,0,0,0,0,0,0
"B21","B21.raw","1/10/2021 5:16:45 AM","322","","YS0500301","","Yuning",72631.97513,88034.62459,25594.77960,115026.00698,12656.45647,6869.29830,7665.46166,3934.03202,0,142401.68934,233500.26276,0,0,0,0,0,0,0,0,0,0,0,0,0,0,0,0,0,0,0,0,0
"C21","C21.raw","1/10/2021 5:18:33 AM","323","","YS0500301","","Yuning",92073.24975,121084.61519,13978.38309,131226.57016,127446.08612,60120.56676,17531.80316,7740.23072,12840.69340,180773.80284,266489.86540,0,0,0,0,0,0,22135.35253,0,0,0,0,0,0,0,0,0,0,0,0,0,0
"D21","D21.raw","1/10/2021 5:20:19 AM","324","","YS0500301","","Yuning",97646.04426,109438.34941,151840.58356,178037.41990,23710.99070,24342.71526,13878.60334,12353.73508,0,167961.56255,341127.97255,0,0,0,0,0,0,0,0,0,0,0,0,0,0,0,0,0,0,0,0,0
"E21","E21.raw","1/10/2021 5:22:06 AM","325","","YS0500301","","Yuning",61459.24582,73544.93347,22047.72831,134149.92233,13814.04068,5719.33010,4818.91057,0,0,136047.07822,269671.02846,0,0,0,0,0,0,0,0,0,0,0,0,0,0,0,0,0,0,0,0,0
"F21","F21.raw","1/10/2021 5:23:53 AM","326","","YS0500301","","Yuning",118156.02548,111747.53963,94421.02322,247093.02399,19076.01804,15072.41196,6740.32249,14639.74121,0,178611.13274,468807.92512,0,0,0,0,0,0,0,0,0,0,0,0,0,0,0,0,0,0,0,0,0
"G21","G21.raw","1/10/2021 5:25:40 AM","327","","YS0500301","","Yuning",40689.61872,126660.82692,3172.28492,7666.85949,3961.24413,4777.44338,0,0,0,197002.73879,13893.43815,0,0,0,0,0,0,0,0,0,0,0,0,0,0,0,0,0,0,0,0,0
"H21","H21.raw","1/10/2021 5:27:27 AM","328","","YS0500301","","Yuning",145740.49471,98769.26434,12600.71945,207920.22970,48987.82759,19478.51493,11632.17051,9689.97836,15658.65433,152319.88280,374646.06713,7188.47164,0,0,0,0,0,0,0,0,0,0,0,0,0,0,0,0,0,0,0,0
"I21","I21.raw","1/10/2021 5:29:14 AM","329","","YS0500301","","Yuning",74943.71314,126907.90796,17231.08939,50953.27274,43485.04985,8603.85627,10536.35769,5271.82557,0,162064.10028,102558.14330,0,0,0,0,79018.07267,321024.55317,0,0,0,0,0,0,0,0,0,0,0,0,0,0,0
"J21","J21.raw","1/10/2021 5:31:01 AM","330","","YS0500301","","Yuning",41163.00616,47379.36823,9344.26551,35216.69611,18740.08583,5086.60787,7271.70228,4787.59881,3659.35244,46023.15703,32786.61696,7807.50631,3703.22550,0,4904.88995,0,0,0,0,0,0,0,0,0,0,0,0,0,0,0,0,0
"K21","K21.raw","1/10/2021 5:32:48 AM","331","","YS0500301","","Yuning",65628.01888,43718.25468,46236.56960,72899.43210,7075.03069,5919.07637,7425.50614,7204.69635,0,73793.31184,148446.22724,0,0,0,0,0,0,0,0,0,0,0,0,0,0,0,0,0,0,0,0,0
"L21","L21.raw","1/10/2021 5:34:35 AM","332","","YS0500301","","Yuning",61202.38985,60824.34520,10329.23768,82978.49263,28350.72159,3925.88187,6310.21893,4843.17862,7341.91441,104011.82461,153556.57384,3374.39502,0,0,0,0,0,0,0,0,0,0,0,0,0,0,0,0,0,0,0,0
"M21","M21.raw","1/10/2021 5:36:22 AM","333","","YS0500301","","Yuning",74279.72869,74039.03197,11125.20390,33311.50229,22555.56406,15549.16990,11620.18679,5411.38557,0,109844.16126,40100.28089,0,0,0,10762.06773,0,0,0,0,0,0,0,0,0,0,0,0,0,0,0,0,0
"N21","N21.raw","1/10/2021 5:38:09 AM","334","","YS0500301","","Yuning",91452.82693,79331.46252,94473.93626,142875.47608,15761.48617,12322.78585,12462.40115,27940.16094,6245.45793,134438.01988,273810.21212,67568.64667,8307.93889,0,0,0,0,0,0,0,0,0,0,0,0,0,0,0,0,0,0,0
"O21","O21.raw","1/10/2021 5:39:56 AM","335","","YS0500301","","Yuning",73146.78307,64727.76988,8805.81029,63190.04053,62131.73108,33213.29500,8342.29730,5306.81125,9455.58228,110837.00701,132027.23870,3945.85580,0,0,0,0,0,9678.39236,0,0,0,0,0,0,0,0,0,0,0,0,0,0
"P21","P21.raw","1/10/2021 5:41:42 AM","336","","YS0500301","","Yuning",82656.60236,82358.86325,55601.61442,196189.20151,10458.81442,19378.14332,5974.69565,0,0,132141.76996,358368.30626,0,0,0,0,0,0,0,0,0,0,0,0,0,0,0,0,0,0,0,0,0
"A22","A22.raw","1/10/2021 5:43:28 AM","337","","YS0500301","","Yuning",72296.05658,125413.84316,9865.85081,380421.10682,68063.61771,7868.46500,0,0,0,188330.64816,615977.54158,0,0,0,0,0,0,0,0,0,0,0,0,0,0,0,0,0,0,0,0,0
"B22","B22.raw","1/10/2021 5:45:14 AM","338","","YS0500301","","Yuning",61636.65399,115893.54848,16374.49996,286632.69195,24796.94771,36691.52701,0,0,0,168707.17223,503119.54313,0,0,0,0,0,0,0,0,0,0,0,0,0,0,0,0,0,0,0,0,0
"C22","C22.raw","1/10/2021 5:47:01 AM","339","","YS0500301","","Yuning",67908.95225,94953.94345,24992.44833,262030.07540,41657.39700,16319.52230,41711.97651,0,0,167118.95923,476834.27101,0,0,0,0,0,0,0,0,0,0,0,0,0,0,0,0,0,0,0,0,0
"D22","D22.raw","1/10/2021 5:48:48 AM","340","","YS0500301","","Yuning",80525.71783,144793.46852,8540.73225,379064.66312,44195.33698,87016.02717,63839.20565,0,0,216379.01465,658730.04938,0,0,0,0,0,0,0,0,0,0,0,0,0,0,0,0,0,0,0,0,0
"E22","E22.raw","1/10/2021 5:50:35 AM","341","","YS0500301","","Yuning",79598.25530,140128.49962,13118.55447,376629.42496,173994.77287,44840.45596,0,0,0,210150.34958,663041.02035,0,0,0,0,0,0,0,0,0,0,0,0,0,0,0,0,0,0,0,0,0
"F22","F22.raw","1/10/2021 5:52:23 AM","342","","YS0500301","","Yuning",93449.69732,134740.56771,14473.84357,372792.55416,197469.50706,0,0,0,0,206201.07634,597106.28550,0,0,0,0,0,0,0,0,0,0,0,0,0,0,0,0,0,0,0,0,0
"G22","G22.raw","1/10/2021 5:54:10 AM","343","","YS0500301","","Yuning",90873.69673,144822.25453,12783.79376,407386.98934,179211.02553,0,0,0,0,219326.55425,709211.09462,0,0,0,0,0,0,0,0,0,0,0,0,0,0,0,0,0,0,0,0,0
"H22","H22.raw","1/10/2021 5:55:57 AM","344","","YS0500301","","Yuning",43073.14491,137258.79910,3507.18627,9282.54878,10215.79520,3207.55612,6622.52353,0,0,215181.43006,19135.02455,0,0,0,0,0,0,0,0,0,0,0,0,0,0,0,0,0,0,0,0,0
"J22","J22.raw","1/10/2021 5:59:31 AM","346","","YS0500301","","Yuning",91193.85394,161286.99294,14360.13674,244555.37708,26349.82792,13372.82265,165402.48048,0,0,177135.88290,395212.86867,0,0,0,0,0,0,0,0,0,0,0,0,0,0,0,0,0,0,0,0,0
"K22","K22.raw","1/10/2021 6:01:18 AM","347","","YS0500301","","Yuning",50042.33611,172288.81328,3068.92907,7096.79147,3193.90433,6056.51891,3938.42487,0,0,251932.56108,19416.06671,0,0,0,0,0,0,0,0,0,0,0,0,0,0,0,0,0,0,0,0,0
"L22","L22.raw","1/10/2021 6:03:04 AM","348","","YS0500301","","Yuning",79467.95699,128207.55013,62701.00919,345079.91189,23018.38997,0,0,0,0,185333.04253,578657.97826,0,0,0,0,0,0,0,0,0,0,0,0,0,0,0,0,0,0,0,0,0
"M22","M22.raw","1/10/2021 6:04:51 AM","349","","YS0500301","","Yuning",68670.18553,117755.26267,9702.84113,145515.42431,41457.28110,103969.93243,54190.79528,30294.34623,0,174447.57197,257780.25758,0,0,0,0,0,0,0,0,0,0,0,0,0,0,0,0,0,0,0,0,0
"N22","N22.raw","1/10/2021 6:06:37 AM","350","","YS0500301","","Yuning",70470.19206,98994.11307,127660.87566,239219.54065,73750.97512,0,0,0,0,147640.28074,431460.88154,0,0,0,0,0,0,0,0,0,0,0,0,0,0,0,0,0,0,0,0,0
"P22","P22.raw","1/10/2021 6:10:09 AM","352","","YS0500301","","Yuning",66857.94222,102325.93964,12453.57768,288205.80135,16403.85718,67873.04826,0,0,0,147931.17017,496840.20485,0,0,0,0,0,0,0,0,0,0,0,0,0,0,0,0,0,0,0,0,0
"A23","A23.raw","1/10/2021 6:11:55 AM","353","","YS0500301","","Yuning",47100.72277,80217.03707,35706.98017,237718.37988,46815.43607,0,0,0,0,122184.43472,469161.45920,0,0,0,0,0,0,0,0,0,0,0,0,0,0,0,0,0,0,0,0,0
"B23","B23.raw","1/10/2021 6:13:41 AM","354","","YS0500301","","Yuning",52611.17202,98901.92996,112973.03690,146930.99342,6668.00487,87011.39182,29146.28658,0,0,148531.61518,298665.18126,0,0,0,0,0,0,0,0,0,0,0,0,0,0,0,0,0,0,0,0,0
"C23","C23.raw","1/10/2021 6:15:28 AM","355","","YS0500301","","Yuning",80431.37223,133241.69062,24251.33520,372615.80096,53594.67671,10967.24443,41638.54416,42525.27777,29787.26629,230151.38323,623436.13646,0,0,0,0,0,0,0,0,0,0,0,0,0,0,0,0,0,0,0,0,0
"D23","D23.raw","1/10/2021 6:17:15 AM","356","","YS0500301","","Yuning",59264.97077,110122.16698,60298.41817,249014.60926,47694.28835,50412.75702,7488.73318,0,0,163786.04962,447013.39357,0,0,0,0,0,0,0,0,0,0,0,0,0,0,0,0,0,0,0,0,0
"E23","E23.raw","1/10/2021 6:19:02 AM","357","","YS0500301","","Yuning",73980.67739,136224.07609,51807.43844,410086.69988,54069.69092,97880.74765,0,0,0,209773.40356,640817.01468,0,0,0,0,0,0,0,0,0,0,0,0,0,0,0,0,0,0,0,0,0
"F23","F23.raw","1/10/2021 6:20:50 AM","358","","YS0500301","","Yuning",90096.14439,135764.10256,10464.30176,344988.89015,42877.66995,21483.56797,205344.30393,0,0,205618.87226,563733.63025,0,0,0,0,0,0,0,0,0,0,0,0,0,0,0,0,0,0,0,0,0
"G23","G23.raw","1/10/2021 6:22:36 AM","359","","YS0500301","","Yuning",79642.34674,139516.24616,34838.56949,340324.50947,29272.56999,152788.76992,0,0,0,198765.11734,608832.46620,0,0,0,0,0,0,0,0,0,0,0,0,0,0,0,0,0,0,0,0,0
"H23","H23.raw","1/10/2021 6:24:24 AM","360","","YS0500301","","Yuning",118680.10534,126222.91409,24268.33940,261594.40174,36753.38781,53219.81646,183860.35875,0,0,202552.83526,481362.41419,0,0,0,0,0,0,0,0,0,0,0,0,0,0,0,0,0,0,0,0,0
"I23","I23.raw","1/10/2021 6:26:10 AM","361","","YS0500301","","Yuning",75967.83907,161428.24382,21394.18520,299745.67187,177993.17076,17167.85914,0,0,0,235775.30709,494733.51770,0,0,0,0,69560.45661,325205.92311,0,0,0,0,0,0,0,0,0,0,0,0,0,0,0
"J23","J23.raw","1/10/2021 6:27:56 AM","362","","YS0500301","","Yuning",57881.88475,90696.55539,8031.01644,109374.26636,8792.50875,16879.75643,27994.25425,86494.67775,0,114673.61732,186119.18608,0,0,0,0,0,0,0,0,0,0,0,0,0,0,0,0,0,0,0,0,0
"K23","K23.raw","1/10/2021 6:29:42 AM","363","","YS0500301","","Yuning",100636.98735,127017.05450,12569.77347,295133.90001,46544.09033,14875.38493,13313.28764,109670.69202,0,207151.78428,484969.70192,0,0,0,0,0,0,0,0,0,0,0,0,0,0,0,0,0,0,0,0,0
"L23","L23.raw","1/10/2021 6:31:29 AM","364","","YS0500301","","Yuning",79379.80443,129233.70540,16604.06907,332966.55478,28100.77187,15022.49692,68871.90829,15388.28049,0,208068.60281,562997.64324,0,0,0,0,0,0,0,0,0,0,0,0,0,0,0,0,0,0,0,0,0
"M23","M23.raw","1/10/2021 6:33:15 AM","365","","YS0500301","","Yuning",57096.30031,93545.19430,9818.74925,101529.60049,15250.28180,101393.09680,40240.05741,20126.50013,4686.82995,140382.41567,184476.67109,0,0,0,0,0,0,0,0,0,0,0,0,0,0,0,0,0,0,0,0,0
"N23","N23.raw","1/10/2021 6:35:01 AM","366","","YS0500301","","Yuning",80809.62127,127184.94036,16657.56960,322947.17166,59765.79131,157578.25441,94159.61894,0,0,179701.92010,540338.62109,0,0,0,0,0,0,0,0,0,0,0,0,0,0,0,0,0,0,0,0,0
"O23","O23.raw","1/10/2021 6:36:46 AM","367","","YS0500301","","Yuning",95467.42152,136847.13791,68330.91339,214601.12456,12927.22869,20981.20963,166943.62704,38997.94201,28748.96968,189680.58199,436010.22669,0,0,0,0,0,0,0,0,0,0,0,0,0,0,0,0,0,0,0,0,0
"P23","P23.raw","1/10/2021 6:38:33 AM","368","","YS0500301","","Yuning",61069.10648,88363.66477,119981.14108,194505.06114,16164.90879,70493.65506,25451.08830,10054.33084,0,128181.46666,365675.80698,0,0,0,0,0,0,0,0,0,0,0,0,0,0,0,0,0,0,0,0,0
"A24","A24.raw","1/10/2021 6:40:19 AM","369","","YS0500301","","Yuning",71280.27937,89071.63805,182380.40822,111819.32194,15850.08235,10085.74749,95592.51385,8601.81384,6351.31495,150366.30694,227373.42798,0,0,0,0,0,0,0,0,0,0,0,0,0,0,0,0,0,0,0,0,0
"B24","B24.raw","1/10/2021 6:42:05 AM","370","","YS0500301","","Yuning",54032.44883,59780.78026,44274.29627,104235.81619,8223.02615,3837.43162,46539.86712,6393.32397,3710.38816,94829.48733,201707.52298,0,0,0,0,0,0,0,0,0,0,0,0,0,0,0,0,0,0,0,0,0
"C24","C24.raw","1/10/2021 6:43:51 AM","371","","YS0500301","","Yuning",64219.67626,84737.31648,33724.11228,83567.51676,38861.93999,110094.40037,13473.53803,48842.09959,5306.78716,168858.79058,165025.93497,8009.59968,0,0,0,0,0,0,0,0,0,0,0,0,0,0,0,0,0,0,0,0
"D24","D24.raw","1/10/2021 6:45:38 AM","372","","YS0500301","","Yuning",90766.28763,140809.40164,235343.79141,186986.47658,18786.85342,119776.57426,65282.70000,0,0,217510.75106,375052.32164,0,0,0,0,0,0,0,0,0,0,0,0,0,0,0,0,0,0,0,0,0
"E24","E24.raw","1/10/2021 6:47:24 AM","373","","YS0500301","","Yuning",98308.83779,148313.02543,11832.64788,326188.94906,19597.58660,73269.09962,131439.03881,9314.76988,0,221425.40947,567152.88241,0,0,0,0,0,0,0,0,0,0,0,0,0,0,0,0,0,0,0,0,0
"F24","F24.raw","1/10/2021 6:49:11 AM","374","","YS0500301","","Yuning",90670.07651,101506.89076,64554.39382,222951.32196,20603.13346,14021.95901,163539.27409,12927.85424,0,168863.79113,414733.35386,0,0,0,0,0,0,0,0,0,0,0,0,0,0,0,0,0,0,0,0,0
"G24","G24.raw","1/10/2021 6:50:58 AM","375","","YS0500301","","Yuning",100754.03736,136964.50852,61935.05868,282590.73478,27444.03287,27204.63779,179213.24782,9091.90816,0,202075.65032,475991.83916,0,0,0,0,0,0,0,0,0,0,0,0,0,0,0,0,0,0,0,0,0
"H24","H24.raw","1/10/2021 6:52:44 AM","376","","YS0500301","","Yuning",134840.22628,132890.39863,12497.81219,186708.36978,49564.79090,100419.01487,23645.65464,200678.50053,10454.17671,211129.35101,340904.33830,22189.90089,0,0,0,0,0,0,0,0,0,0,0,0,0,0,0,0,0,0,0,0
"I24","I24.raw","1/10/2021 6:54:30 AM","377","","YS0500301","","Yuning",69222.27705,152624.72658,37068.14290,112029.25134,91901.33560,5728.50589,6122.41699,0,0,181187.64595,217734.27123,0,0,0,0,80693.61067,405314.77749,0,0,0,0,0,0,0,0,0,0,0,0,0,0,0
"J24","J24.raw","1/10/2021 6:56:16 AM","378","","YS0500301","","Yuning",36973.11596,84805.99285,5291.12583,18953.16216,4573.91175,3514.49131,8558.09878,3805.32355,4753.57266,124384.88097,29526.68774,0,0,0,0,0,0,0,0,0,0,0,0,0,0,0,0,0,0,0,0,0
"K24","K24.raw","1/10/2021 6:58:02 AM","379","","YS0500301","","Yuning",91111.69399,85802.35638,99499.25828,137127.03985,14163.15690,7575.75862,99839.20027,9800.92814,7459.00995,137811.40659,292035.69670,0,0,0,0,0,0,0,0,0,0,0,0,0,0,0,0,0,0,0,0,0
"L24","L24.raw","1/10/2021 6:59:48 AM","380","","YS0500301","","Yuning",0,0,0,0,0,0,0,0,0,0,0,0,0,0,0,0,0,0,0,0,0,0,0,0,0,0,0,0,0,0,0,0
"M24","M24.raw","1/10/2021 7:01:34 AM","381","","YS0500301","","Yuning",96149.85045,145006.69628,22624.14760,156174.21782,155995.89102,70170.29727,67544.79687,9855.55411,15724.90156,193032.28368,203053.40122,0,0,0,0,0,0,0,0,0,0,0,0,0,0,0,0,0,0,0,0,0
"N24","N24.raw","1/10/2021 7:03:20 AM","382","","YS0500301","","Yuning",67002.57778,69470.39543,134792.95161,82554.57754,9395.55954,12217.46184,108987.52043,43664.60776,0,124459.30012,177679.82077,0,0,0,0,0,0,0,0,0,0,0,0,0,0,0,0,0,0,0,0,0
"O24","O24.raw","1/10/2021 7:05:06 AM","383","","YS0500301","","Yuning",79063.80292,90074.08058,44864.15299,62687.63873,74858.88480,55866.95033,145452.73930,32910.06190,12479.47765,161212.94499,139264.89671,0,0,0,0,0,0,13053.76267,0,0,0,0,0,0,0,0,0,0,0,0,0,0
"P24","P24.raw","1/10/2021 7:06:51 AM","384","","YS0500301","","Yuning",53378.59059,55822.18053,17390.39310,131028.41122,7335.27386,71928.62902,21342.31414,3822.95510,5426.14943,86672.60213,267812.31881,0,0,0,0,0,0,0,0,0,0,0,0,0,0,0,0,0,0,0,0,0
